-- phpMyAdmin SQL Dump
-- version 4.8.1
-- https://www.phpmyadmin.net/
--
-- 主機: 127.0.0.1
-- 產生時間： 2018 年 06 月 25 日 07:24
-- 伺服器版本: 10.1.33-MariaDB
-- PHP 版本： 7.2.6

SET SQL_MODE = "NO_AUTO_VALUE_ON_ZERO";
SET AUTOCOMMIT = 0;
START TRANSACTION;
SET time_zone = "+00:00";


/*!40101 SET @OLD_CHARACTER_SET_CLIENT=@@CHARACTER_SET_CLIENT */;
/*!40101 SET @OLD_CHARACTER_SET_RESULTS=@@CHARACTER_SET_RESULTS */;
/*!40101 SET @OLD_COLLATION_CONNECTION=@@COLLATION_CONNECTION */;
/*!40101 SET NAMES utf8mb4 */;

--
-- 資料庫： `user2`
--

-- --------------------------------------------------------

--
-- 資料表結構 `area_rainfall`
--

CREATE TABLE `area_rainfall` (
  `地區` varchar(16) NOT NULL,
  `年雨量` int(16) NOT NULL,
  `除濕機等級` int(16) NOT NULL
) ENGINE=InnoDB DEFAULT CHARSET=utf8;

--
-- 資料表的匯出資料 `area_rainfall`
--

INSERT INTO `area_rainfall` (`地區`, `年雨量`, `除濕機等級`) VALUES
('南投', 2402, 3),
('台中', 1773, 2),
('台北', 2405, 3),
('台南', 1698, 1),
('台東', 1780, 2),
('嘉義', 1774, 2),
('基隆', 3772, 3),
('宜蘭', 2838, 3),
('屏東', 2022, 3),
('彰化', 1450, 1),
('新北', 2155, 3),
('新竹', 1718, 2),
('桃園', 2000, 3),
('澎湖', 1013, 1),
('花蓮', 2177, 3),
('苗栗', 1600, 1),
('連江', 1082, 1),
('金門', 1049, 1),
('雲林', 1029, 1),
('高雄', 1885, 2);

-- --------------------------------------------------------

--
-- 資料表結構 `dehumidifier`
--

CREATE TABLE `dehumidifier` (
  `產品型號` varchar(16) NOT NULL,
  `商標名稱` varchar(20) DEFAULT NULL,
  `能源效率` varchar(18) DEFAULT NULL,
  `能源等級` varchar(6) DEFAULT NULL,
  `除濕能力` int(12) DEFAULT NULL,
  `除濕機等級` int(16) DEFAULT NULL
) ENGINE=InnoDB DEFAULT CHARSET=utf8;

--
-- 資料表的匯出資料 `dehumidifier`
--

INSERT INTO `dehumidifier` (`產品型號`, `商標名稱`, `能源效率`, `能源等級`, `除濕能力`, `除濕機等級`) VALUES
('AD-B524P', '聲寶(SAMPO)', '1.88', '3', 12, 3),
('AD-BD121FT', '聲寶(SAMPO)', '1.56', '4', 6, 1),
('AD-BM121FT', '聲寶(SAMPO)', '1.56', '4', 6, 1),
('AD-VA712TG', '聲寶(SAMPO)', '2.23', '1', 6, 1),
('AD-VA720PG', '聲寶(SAMPO)', '2.43', '1', 11, 2),
('AD-VA724PB', '聲寶(SAMPO)', '2.50', '1', 12, 3),
('AD-VB712TG', '聲寶(SAMPO)', '2.23', '1', 6, 1),
('AD-W614T', '聲寶(SAMPO)', '1.82', '3', 7, 2),
('AD-W632P', '聲寶(SAMPO)', '2.52', '1', 16, 3),
('AD-W720P', '聲寶(SAMPO)', '2.43', '1', 11, 2),
('AD-W724P', '聲寶(SAMPO)', '2.50', '1', 12, 3),
('AD-W732P', '聲寶(SAMPO)', '2.66', '1', 16, 3),
('AD-WA712T', '聲寶(SAMPO)', '2.23', '1', 6, 1),
('AD-WB712T', '聲寶(SAMPO)', '2.23', '1', 6, 1),
('AD-Y616T', '聲寶(SAMPO)', '1.70', '4', 8, 2),
('AD-Y816T', '聲寶(SAMPO)', '2.40', '1', 8, 2),
('ADT401GUSB', '惠而浦(WHIRLPOOL)', '2.00', '3', 20, 3),
('ALBERT', '瑞士時尚家電(STADLER FORM)', '1.55', '4', 12, 3),
('D91', '克立淨', '2.40', '2', 18, 3),
('DE5205/80', '飛利浦(PHILIPS)', '2.12', '3', 13, 3),
('DE5205/81', '飛利浦(PHILIPS)', '2.60', '1', 13, 3),
('DE5206/80', '飛利浦(PHILIPS)', '2.12', '3', 13, 3),
('DE5206/81', '飛利浦(PHILIPS)', '2.60', '1', 13, 3),
('DE5207/81', '飛利浦(PHILIPS)', '2.60', '1', 13, 3),
('DH-12L', '佳醫超淨', '1.69', '4', 12, 3),
('DH-1812L', '佳醫超淨', '2.45', '1', 12, 3),
('DHY-GA14PC', '聲寶(SAMPO)', '2.70', '1', 14, 3),
('DHY-GA18PC', '聲寶(SAMPO)', '2.71', '1', 18, 3),
('DW-D8HT-W', '夏普(SHARP)', '2.02', '3', 8, 2),
('DW-E10FT-W', '夏普(SHARP)', '1.74', '4', 10, 2),
('DW-E13HT-W', '夏普(SHARP)', '2.02', '3', 13, 3),
('DW-F22HT-W', '夏普(SHARP)', '1.76', '4', 11, 2),
('DW-F65HT-W', '夏普(SHARP)', '1.71', '4', 7, 2),
('DW-H10FT-W', '夏普(SHARP)', '2.47', '1', 11, 2),
('DW-H12FT-W', '夏普(SHARP)', '2.51', '1', 12, 3),
('DW-H6HT-W', '夏普(SHARP)', '2.17', '1', 6, 1),
('DW-H8HT-W', '夏普(SHARP)', '2.47', '1', 9, 2),
('DW-J14HT-R', '夏普(SHARP)', '2.68', '1', 15, 3),
('DW-J14HT-S', '夏普(SHARP)', '2.68', '1', 15, 3),
('F-Y105SW', '國際(PANASONIC)', '1.62', '3', 6, 1),
('F-Y12BMW', '國際(PANASONIC)', '1.64', '3', 6, 1),
('F-Y12CW', '國際(PANASONIC)', '2.04', '2', 6, 1),
('F-Y12CWP', '國際(PANASONIC)', '2.04', '2', 6, 1),
('F-Y12EB', '國際(PANASONIC)', '2.25', '1', 6, 1),
('F-Y12EM', '國際(PANASONIC)', '2.07', '1', 6, 1),
('F-Y12ES', '國際(PANASONIC)', '2.07', '1', 6, 1),
('F-Y16CW', '國際(PANASONIC)', '2.04', '3', 8, 2),
('F-Y16EN', '國際(PANASONIC)', '2.41', '1', 8, 2),
('F-Y20DHW', '國際(PANASONIC)', '2.41', '1', 10, 2),
('F-Y20EH', '國際(PANASONIC)', '2.41', '1', 10, 2),
('F-Y22BW', '國際(PANASONIC)', '2.20', '2', 11, 2),
('F-Y22EN', '國際(PANASONIC)', '2.41', '1', 11, 2),
('F-Y24CXW', '國際(PANASONIC)', '2.80', '1', 12, 3),
('F-Y24CXWP', '國際(PANASONIC)', '2.80', '1', 12, 3),
('F-Y24EX', '國際(PANASONIC)', '2.92', '1', 12, 3),
('F-Y24EXP', '國際(PANASONIC)', '2.92', '1', 12, 3),
('F-Y26DHW', '國際(PANASONIC)', '2.36', '2', 13, 3),
('F-Y26EH', '國際(PANASONIC)', '2.53', '1', 13, 3),
('F-Y28CXW', '國際(PANASONIC)', '2.82', '1', 14, 3),
('F-Y28EX', '國際(PANASONIC)', '2.94', '1', 14, 3),
('F-Y32CXW', '國際(PANASONIC)', '2.84', '1', 16, 3),
('F-Y32EH', '國際(PANASONIC)', '2.55', '1', 16, 3),
('F-Y32EX', '國際(PANASONIC)', '3.01', '1', 16, 3),
('F-Y36CXW', '國際(PANASONIC)', '2.88', '1', 18, 3),
('F-Y36EX', '國際(PANASONIC)', '3.02', '1', 18, 3),
('F-Y45CXW', '國際(PANASONIC)', '2.91', '1', 22, 3),
('F-Y45EX', '國際(PANASONIC)', '2.91', '1', 22, 3),
('FD-Y160L', '3M', '2.67', '1', 16, 3),
('FD-Y180L', '3M', '2.77', '1', 18, 3),
('FD-Y200L', '3M', '2.67', '1', 20, 3),
('FDH-1103YA2', '富及第(FRIGIDAIRE)', '1.33', '5', 6, 1),
('FDH-1105YA2', '富及第(FRIGIDAIRE)', '1.33', '5', 6, 1),
('FDH-1111KA', '富及第(FRIGIDAIRE)', '1.43', '4', 6, 1),
('FDH-1112K', '富及第(FRIGIDAIRE)', '1.43', '4', 6, 1),
('FDH-1113KA', '富及第(FRIGIDAIRE)', '1.43', '4', 6, 1),
('FDH-1114K', '富及第(FRIGIDAIRE)', '1.43', '4', 6, 1),
('FDH-1121KA', '富及第(FRIGIDAIRE)', '1.43', '4', 6, 1),
('FDH-1203YA2', '富及第(FRIGIDAIRE)', '1.44', '4', 6, 1),
('FDH-1205YA2', '富及第(FRIGIDAIRE)', '1.44', '4', 6, 1),
('FDH-1222K', '富及第(FRIGIDAIRE)', '1.45', '4', 6, 1),
('FDH-1301YA1', '富及第(FRIGIDAIRE)', '1.43', '5', 7, 2),
('FDH-1303YA2', '富及第(FRIGIDAIRE)', '1.60', '4', 7, 2),
('FDH-1305YA2', '富及第(FRIGIDAIRE)', '1.60', '4', 7, 2),
('FDH-1401YA', '富及第(FRIGIDAIRE)', '1.57', '4', 8, 2),
('FDH-1403YA', '富及第(FRIGIDAIRE)', '1.57', '4', 8, 2),
('FDH-1403YA2', '富及第(FRIGIDAIRE)', '1.69', '4', 7, 2),
('FDH-1405YA2', '富及第(FRIGIDAIRE)', '1.69', '4', 7, 2),
('FDH-1501YA', '富及第(FRIGIDAIRE)', '1.57', '4', 8, 2),
('FDH-1503YA', '富及第(FRIGIDAIRE)', '1.57', '4', 8, 2),
('FDH-1503YA2', '富及第(FRIGIDAIRE)', '1.71', '4', 8, 2),
('FDH-1505YA2', '富及第(FRIGIDAIRE)', '1.71', '4', 8, 2),
('FDH-2011K', '富及第(FRIGIDAIRE)', '1.68', '4', 10, 2),
('FDH-2013K', '富及第(FRIGIDAIRE)', '1.68', '4', 10, 2),
('FDH-2021K', '富及第(FRIGIDAIRE)', '1.68', '4', 10, 2),
('FDH-2023K', '富及第(FRIGIDAIRE)', '1.68', '4', 10, 2),
('FDH-2201YC1', '富及第(FRIGIDAIRE)', '1.39', '5', 11, 2),
('FDH-2203YC2', '富及第(FRIGIDAIRE)', '1.45', '5', 12, 3),
('FDH-2205YC2', '富及第(FRIGIDAIRE)', '1.45', '5', 12, 3),
('FDH-2301YC', '富及第(FRIGIDAIRE)', '1.53', '4', 12, 3),
('FDH-2303YC', '富及第(FRIGIDAIRE)', '1.53', '4', 12, 3),
('FDH-2401YC', '富及第(FRIGIDAIRE)', '1.53', '4', 12, 3),
('FDH-2403YC', '富及第(FRIGIDAIRE)', '1.53', '4', 12, 3),
('FDH-2403YC2', '富及第(FRIGIDAIRE)', '1.56', '4', 12, 3),
('FDH-2405YC2', '富及第(FRIGIDAIRE)', '1.56', '4', 12, 3),
('FDH-2501YB1', '富及第(FRIGIDAIRE)', '1.54', '5', 13, 3),
('FDH-2501YC1', '富及第(FRIGIDAIRE)', '1.54', '5', 13, 3),
('GDN06AJ', '格力(GREE)', '1.54', '4', 6, 1),
('GDN07AJ', '格力(GREE)', '1.82', '3', 7, 2),
('GDN11AJ', '格力(GREE)', '1.68', '4', 11, 2),
('GDN12AJ', '格力(GREE)', '1.68', '4', 12, 3),
('HDH-1281', '禾聯(HERAN)', '1.98', '2', 6, 1),
('HDH-1481', '禾聯(HERAN)', '1.82', '3', 7, 2),
('HDH-1681', '禾聯(HERAN)', '1.89', '3', 8, 2),
('HDH-3281', '禾聯(HERAN)', '2.66', '1', 16, 3),
('HPW-5036B', '華菱(HAWRIN)', '1.72', '3', 6, 1),
('HPWS-40K', '華菱(HAWRIN)', '2.56', '1', 22, 3),
('HPWS-50K', '華菱(HAWRIN)', '2.52', '1', 27, 3),
('JR-S36B', '美寧(MISTRO)', '1.49', '5', 10, 2),
('JR-S50B', '美寧(MISTRO)', '1.45', '4', 5, 1),
('JR-S64B', '美寧(MISTRO)', '1.75', '4', 8, 2),
('JR-S65B', '美寧(MISTRO)', '1.72', '3', 6, 1),
('JR-S66C', '美寧(MISTRO)', '1.75', '4', 8, 2),
('JR-S67A', '美寧(MISTRO)', '1.69', '4', 12, 3),
('JR-S67B(12)', '美寧(MISTRO)', '1.69', '4', 12, 3),
('JR-S69B', '美寧(MISTRO)', '1.68', '4', 8, 2),
('JR-S69C', '美寧(MISTRO)', '1.68', '4', 8, 2),
('JR-S70B', '美寧(MISTRO)', '2.52', '1', 14, 3),
('JR-S79B', '美寧(MISTRO)', '2.00', '3', 16, 3),
('JR-S80B', '美寧(MISTRO)', '2.40', '2', 18, 3),
('KD-B060M', '仙鵝(CYGNUS)', '1.49', '4', 6, 1),
('KD-F060A', '仙鵝(CYGNUS)', '1.56', '4', 6, 1),
('KD-H080M', '仙鵝(CYGNUS)', '1.75', '4', 8, 2),
('KD-K120A-AR', '仙鵝(CYGNUS)', '1.69', '4', 12, 3),
('KD-K120A-ARW', '仙鵝(CYGNUS)', '1.69', '4', 12, 3),
('KD-K120A-AW', '仙鵝(CYGNUS)', '1.69', '4', 12, 3),
('KED-211', '嘉儀(HELLER)', '1.83', '3', 11, 2),
('KED-213', '嘉儀(HELLER)', '2.23', '3', 14, 3),
('KJ-A251B', '歌林(KOLIN)', '2.04', '3', 24, 3),
('KJ-A351B', '歌林(KOLIN)', '1.82', '4', 33, 3),
('KJ-A352B', '歌林(KOLIN)', '2.00', '3', 35, 3),
('MD-30LB', '米多力(MEDOLE)', '1.82', '4', 18, 3),
('MD-30LR', '米多力(MEDOLE)', '1.82', '4', 18, 3),
('MD-35LB', '米多力(MEDOLE)', '1.82', '4', 18, 3),
('MD-35LBU', '米多力(MEDOLE)', '1.82', '4', 18, 3),
('MD-35LR', '米多力(MEDOLE)', '1.82', '4', 18, 3),
('MD-35LRU', '米多力(MEDOLE)', '1.82', '4', 18, 3),
('MD-50LB', '米多力(MEDOLE)', '2.15', '3', 31, 3),
('MD-50LR', '米多力(MEDOLE)', '2.15', '3', 31, 3),
('MD-62LB', '米多力(MEDOLE)', '2.15', '3', 31, 3),
('MD-62LBU', '米多力(MEDOLE)', '2.15', '3', 31, 3),
('MD-62LR', '米多力(MEDOLE)', '2.15', '3', 31, 3),
('MD-62LRU', '米多力(MEDOLE)', '2.15', '3', 31, 3),
('MD1208RW', '東元(TECO)', '1.98', '2', 6, 1),
('MD1218RW', '東元(TECO)', '1.98', '2', 6, 1),
('MD1219RW', '東元(TECO)', '2.23', '1', 6, 1),
('MD1220RW', '東元(TECO)', '2.23', '1', 6, 1),
('MD1418RW', '東元(TECO)', '1.82', '3', 7, 2),
('MD1608RW', '東元(TECO)', '1.75', '4', 8, 2),
('MD1618RW', '東元(TECO)', '1.75', '4', 8, 2),
('MD2401RW', '東元(TECO)', '2.50', '1', 12, 3),
('MD2408W', '東元(TECO)', '1.87', '3', 12, 3),
('MD2J25C', '艾美特(AIRMATE)', '2.41', '2', 16, 3),
('MD3209RW', '東元(TECO)', '2.66', '1', 16, 3),
('MJ-E105BJ-TW', '三菱(MITSUBISHI)', '1.72', '4', 11, 2),
('MJ-E105EF-TW', '三菱(MITSUBISHI)', '1.68', '4', 11, 2),
('MJ-E180AK-TW', '三菱(MITSUBISHI)', '2.05', '3', 18, 3),
('MJ-E195HM-TW', '三菱(MITSUBISHI)', '2.66', '1', 20, 3),
('MJ-EV210FJ-TW', '三菱(MITSUBISHI)', '1.99', '3', 21, 3),
('MJ-EV250HM-TW', '三菱(MITSUBISHI)', '2.62', '1', 25, 3),
('RD-12BQ', '日立(HITACHI)', '2.21', '1', 6, 1),
('RD-12BR', '日立(HITACHI)', '2.21', '1', 6, 1),
('RD-12CG', '日立(HITACHI)', '1.85', '2', 6, 1),
('RD-12CP', '日立(HITACHI)', '2.10', '1', 6, 1),
('RD-12CS', '日立(HITACHI)', '1.85', '2', 6, 1),
('RD-12FG', '日立(HITACHI)', '1.85', '2', 6, 1),
('RD-12FQ', '日立(HITACHI)', '2.21', '1', 6, 1),
('RD-12FR', '日立(HITACHI)', '2.21', '1', 6, 1),
('RD-12FS', '日立(HITACHI)', '1.85', '2', 6, 1),
('RD-16FG', '日立(HITACHI)', '1.90', '3', 8, 2),
('RD-16FQ', '日立(HITACHI)', '2.51', '1', 8, 2),
('RD-16FR', '日立(HITACHI)', '2.51', '1', 8, 2),
('RD-16FS', '日立(HITACHI)', '1.90', '3', 8, 2),
('RD-200DK', '日立(HITACHI)', '2.35', '2', 10, 2),
('RD-200DR', '日立(HITACHI)', '2.35', '2', 10, 2),
('RD-200DS', '日立(HITACHI)', '2.35', '2', 10, 2),
('RD-200HG', '日立(HITACHI)', '2.88', '1', 10, 2),
('RD-200HS', '日立(HITACHI)', '2.88', '1', 10, 2),
('RD-20FQ', '日立(HITACHI)', '2.41', '1', 10, 2),
('RD-20FR', '日立(HITACHI)', '2.41', '1', 10, 2),
('RD-240DR', '日立(HITACHI)', '2.53', '1', 12, 3),
('RD-240DS', '日立(HITACHI)', '2.53', '1', 12, 3),
('RD-240HG', '日立(HITACHI)', '2.90', '1', 12, 3),
('RD-240HS', '日立(HITACHI)', '2.90', '1', 12, 3),
('RD-280DK', '日立(HITACHI)', '2.15', '3', 14, 3),
('RD-280DR', '日立(HITACHI)', '2.15', '3', 14, 3),
('RD-280DS', '日立(HITACHI)', '2.15', '3', 14, 3),
('RD-280HG', '日立(HITACHI)', '2.92', '1', 14, 3),
('RD-280HS', '日立(HITACHI)', '2.92', '1', 14, 3),
('RD-320DR', '日立(HITACHI)', '2.40', '2', 16, 3),
('RD-320DS', '日立(HITACHI)', '2.40', '2', 16, 3),
('RD-320HG', '日立(HITACHI)', '2.94', '1', 16, 3),
('RD-320HS', '日立(HITACHI)', '2.94', '1', 16, 3),
('RD-360DR', '日立(HITACHI)', '2.36', '2', 18, 3),
('RD-360DS', '日立(HITACHI)', '2.36', '2', 18, 3),
('RD-360HG', '日立(HITACHI)', '2.98', '1', 18, 3),
('RD-360HS', '日立(HITACHI)', '2.98', '1', 18, 3),
('RD151QPC0', '樂金(LG)', '2.23', '3', 15, 3),
('RD151QSC0', '樂金(LG)', '2.23', '3', 15, 3),
('RD161QPC1', '樂金(LG)', '3.00', '1', 16, 3),
('RD171QBC0', '樂金(LG)', '2.06', '3', 17, 3),
('RD171QBC1', '樂金(LG)', '2.52', '1', 17, 3),
('RD171QGC0', '樂金(LG)', '2.06', '3', 17, 3),
('RD171QSC1', '樂金(LG)', '2.52', '1', 17, 3),
('RD181QGC1', '樂金(LG)', '2.60', '1', 18, 3),
('RH-06E0RM', '奇美(CHIMEI)', '2.10', '1', 6, 1),
('RH-12E0RM', '奇美(CHIMEI)', '2.45', '1', 12, 3),
('RHM-C0600T', '奇美(CHIMEI)', '1.61', '3', 6, 1),
('RHM-C0800T', '奇美(CHIMEI)', '1.90', '3', 8, 2),
('RHM-C1200T', '奇美(CHIMEI)', '1.69', '4', 12, 3),
('SD20', '山水(SANSUI)', '1.96', '3', 20, 3),
('SDH-105LD', '三洋(SANLUX)', '2.40', '1', 11, 2),
('SDH-106M', '三洋(SANLUX)', '2.43', '1', 11, 2),
('SDH-1141MA', '三洋(SANLUX)', '1.69', '4', 11, 2),
('SDH-1143LA', '三洋(SANLUX)', '1.69', '4', 11, 2),
('SDH-126M', '三洋(SANLUX)', '2.50', '1', 12, 3),
('SDH-130LD', '三洋(SANLUX)', '2.52', '1', 13, 3),
('SDH-170LD', '三洋(SANLUX)', '2.24', '2', 17, 3),
('SDH-175LD', '三洋(SANLUX)', '2.52', '1', 18, 3),
('SDH-832A', '三洋(SANLUX)', '1.90', '3', 8, 2),
('TCF-30BA', '太一(TAIITSU)', '1.82', '4', 18, 3),
('TCF-30BR', '太一(TAIITSU)', '1.82', '4', 18, 3),
('TCF-35BA', '太一(TAIITSU)', '1.82', '4', 18, 3),
('TCF-35BR', '太一(TAIITSU)', '1.82', '4', 18, 3),
('TCF-50BA', '太一(TAIITSU)', '2.15', '3', 31, 3),
('TCF-50BR', '太一(TAIITSU)', '2.15', '3', 31, 3),
('TCF-62BA', '太一(TAIITSU)', '2.15', '3', 31, 3),
('TCF-62BR', '太一(TAIITSU)', '2.15', '3', 31, 3),
('TDA03511ANNAB-00', '詮恩(TRANE)', '1.82', '4', 18, 3),
('TDA06224ANNAB-00', '詮恩(TRANE)', '2.15', '3', 31, 3),
('TDH-120MX', '大同(TATUNG)', '2.23', '1', 6, 1),
('TDH-121MB', '大同(TATUNG)', '1.60', '3', 6, 1),
('TDH-125MB', '大同(TATUNG)', '2.17', '1', 6, 1),
('TDH-130KB', '大同(TATUNG)', '1.70', '4', 7, 2),
('TDH-140GB', '大同(TATUNG)', '1.68', '4', 7, 2),
('TDH-140NB', '大同(TATUNG)', '1.68', '4', 7, 2),
('TDH-160MB-WI', '大同(TATUNG)', '1.80', '3', 8, 2),
('TDH-161MB', '大同(TATUNG)', '1.80', '3', 8, 2),
('TDH-165MB', '大同(TATUNG)', '2.60', '1', 8, 2),
('TDH-165MB-WI', '大同(TATUNG)', '2.60', '1', 8, 2),
('TDH-168MB-NW', '大同(TATUNG)', '2.60', '1', 8, 2),
('TDH-240YCA', '大同(TATUNG)', '2.45', '1', 12, 3),
('TDH-460B', '大同(TATUNG)', '1.98', '3', 23, 3),
('TDH-540B', '大同(TATUNG)', '2.47', '2', 27, 3),
('TSD-100', '台朔(TAISO)', '2.15', '3', 31, 3),
('TSD-100-S', '台朔(TAISO)', '2.15', '3', 31, 3),
('TSD-60', '台朔(TAISO)', '1.82', '4', 18, 3),
('TSD-60-S', '台朔(TAISO)', '1.82', '4', 18, 3),
('WDEE16W', '惠而浦(WHIRLPOOL)', '1.68', '4', 8, 2),
('WDEE20AW', '惠而浦(WHIRLPOOL)', '2.13', '2', 11, 2),
('WDEE20W', '惠而浦(WHIRLPOOL)', '1.68', '4', 10, 2),
('WDEE30AW', '惠而浦(WHIRLPOOL)', '2.52', '1', 16, 3),
('WDEE30W', '惠而浦(WHIRLPOOL)', '1.96', '3', 16, 3),
('WDEE40W', '惠而浦(WHIRLPOOL)', '1.96', '3', 20, 3),
('WDEE50W', '惠而浦(WHIRLPOOL)', '1.96', '3', 25, 3),
('WDEE60AW', '惠而浦(WHIRLPOOL)', '2.40', '2', 27, 3),
('WDEE70AW', '惠而浦(WHIRLPOOL)', '2.40', '2', 32, 3),
('WDEE70W', '惠而浦(WHIRLPOOL)', '2.02', '3', 34, 3),
('WDEM12W', '惠而浦(WHIRLPOOL)', '1.56', '4', 6, 1),
('WDH-050ED-26R', '威技(NEW WIDETECH)', '2.21', '3', 26, 3),
('WDH-1012EA', '威技(NEW WIDETECH)', '1.46', '4', 6, 1),
('WDH-1150DB-16R', '威技(NEW WIDETECH)', '1.96', '3', 16, 3),
('WDH-1150DC-16R', '威技(NEW WIDETECH)', '1.96', '3', 16, 3),
('WDH-1150DD-18R', '威技(NEW WIDETECH)', '1.97', '3', 18, 3),
('WDH-126A', '威技(NEW WIDETECH)', '2.07', '1', 6, 1),
('WDH-126E', '威技(NEW WIDETECH)', '2.07', '1', 6, 1),
('WDH-126H', '威技(NEW WIDETECH)', '2.07', '1', 6, 1),
('WDH-128P', '威技(NEW WIDETECH)', '2.40', '1', 12, 3),
('WDH-168P', '威技(NEW WIDETECH)', '2.52', '1', 16, 3),
('WDH-168W', '威技(NEW WIDETECH)', '1.68', '4', 8, 2),
('WDH-189W', '威技(NEW WIDETECH)', '2.40', '1', 9, 2),
('WDH-26K', '威技(NEW WIDETECH)', '2.40', '1', 12, 3),
('WDH-26Y', '威技(NEW WIDETECH)', '2.40', '1', 12, 3),
('WDH-312EA-6R', '威技(NEW WIDETECH)', '1.56', '4', 6, 1),
('WDH-312EG-6R', '威技(NEW WIDETECH)', '1.56', '4', 6, 1),
('WDH-316EE-9R', '威技(NEW WIDETECH)', '1.85', '3', 9, 2),
('WDH-32Y', '威技(NEW WIDETECH)', '2.52', '1', 16, 3),
('WDH-612P', '威技(NEW WIDETECH)', '2.07', '1', 6, 1),
('WDH-930ED-13R', '威技(NEW WIDETECH)', '2.01', '3', 13, 3),
('WID50W', '惠而浦(WHIRLPOOL)', '2.52', '1', 23, 3),
('YS-301DH', '元山(YENSUN)', '1.47', '5', 8, 2),
('YS-3070DH', '元山(YENSUN)', '1.68', '4', 7, 2),
('YS-3070DHX', '元山(YENSUN)', '1.68', '4', 7, 2),
('YS-331DH', '元山(YENSUN)', '1.47', '5', 8, 2),
('YS-375DHX', '元山(YENSUN)', '1.72', '3', 6, 1);

-- --------------------------------------------------------

--
-- 資料表結構 `records`
--

CREATE TABLE `records` (
  `user_id` varchar(50) CHARACTER SET utf8 NOT NULL,
  `washerCapacityName` int(10) DEFAULT NULL,
  `refrigeratorCapacityName` int(10) DEFAULT NULL,
  `areaName` int(10) DEFAULT NULL,
  `needName` int(10) DEFAULT NULL,
  `tvSizeName` float(10,0) DEFAULT NULL,
  `sun` float(10,0) DEFAULT NULL,
  `roomSizeName` float(10,0) DEFAULT NULL,
  `roomtype` int(10) NOT NULL
) ENGINE=InnoDB DEFAULT CHARSET=latin1;

--
-- 資料表的匯出資料 `records`
--

INSERT INTO `records` (`user_id`, `washerCapacityName`, `refrigeratorCapacityName`, `areaName`, `needName`, `tvSizeName`, `sun`, `roomSizeName`, `roomtype`) VALUES
('jamie', NULL, NULL, NULL, NULL, 30, 0, 0, 4);

-- --------------------------------------------------------

--
-- 資料表結構 `tv`
--

CREATE TABLE `tv` (
  `項次` int(3) DEFAULT NULL,
  `產品型號` varchar(14) NOT NULL,
  `商標名稱` varchar(13) DEFAULT NULL,
  `能源效率` decimal(5,2) DEFAULT NULL,
  `年耗電量` int(3) DEFAULT NULL,
  `尺寸` int(3) DEFAULT NULL
) ENGINE=InnoDB DEFAULT CHARSET=utf8;

--
-- 資料表的匯出資料 `tv`
--

INSERT INTO `tv` (`項次`, `產品型號`, `商標名稱`, `能源效率`, `年耗電量`, `尺寸`) VALUES
(1, '105UC9T', '樂金(LG)', '321.48', 939, 105),
(2, '105UC9T-DA', '樂金(LG)', '321.50', 939, 105),
(3, '32LF510B', '樂金(LG)', '26.10', 76, 32),
(4, '32LF510B-DB', '樂金(LG)', '26.10', 76, 32),
(5, '32LF565B', '樂金(LG)', '33.50', 98, 32),
(6, '32LF565B-DE', '樂金(LG)', '33.50', 98, 32),
(7, '32LH510B', '樂金(LG)', '21.00', 62, 32),
(8, '32LH510B-DC', '樂金(LG)', '21.00', 62, 32),
(9, '32LV340C', '樂金(LG)', '19.50', 57, 32),
(10, '32LV340C-DB', '樂金(LG)', '19.50', 57, 32),
(11, '32LW340C', '樂金(LG)', '23.90', 70, 32),
(12, '32LW340C-DA', '樂金(LG)', '23.90', 70, 32),
(13, '32LX330C', '樂金(LG)', '34.00', 100, 32),
(14, '32LX330C-DA', '樂金(LG)', '34.00', 100, 32),
(15, '40LF6350', '樂金(LG)', '49.50', 144, 40),
(16, '40LF6350-DB', '樂金(LG)', '49.30', 144, 40),
(17, '40UB800T', '樂金(LG)', '51.40', 150, 40),
(18, '40UB800T-DA', '樂金(LG)', '51.40', 150, 40),
(19, '40UF675T', '樂金(LG)', '53.00', 155, 40),
(20, '40UF675T-DJ', '樂金(LG)', '53.00', 155, 40),
(21, '40UF770T', '樂金(LG)', '55.60', 163, 40),
(22, '40UF770T-DA', '樂金(LG)', '55.60', 163, 40),
(23, '40UF770T-DD', '樂金(LG)', '55.30', 162, 40),
(24, '42LX330C', '樂金(LG)', '65.80', 193, 42),
(25, '42LX330C-DA', '樂金(LG)', '65.80', 193, 42),
(26, '42LY540H', '樂金(LG)', '57.30', 168, 42),
(27, '42LY540H-DA', '樂金(LG)', '57.30', 168, 42),
(28, '42UB820T', '樂金(LG)', '58.70', 172, 42),
(29, '42UB820T-DH', '樂金(LG)', '58.70', 172, 42),
(30, '43LF5100', '樂金(LG)', '32.20', 94, 43),
(31, '43LF5100-DA', '樂金(LG)', '32.20', 94, 43),
(32, '43LF5400', '樂金(LG)', '34.50', 101, 43),
(33, '43LF5400-DB', '樂金(LG)', '34.50', 101, 43),
(34, '43LF5900', '樂金(LG)', '36.20', 106, 43),
(35, '43LF5900-DB', '樂金(LG)', '36.20', 106, 43),
(36, '43LF6350', '樂金(LG)', '46.30', 136, 43),
(37, '43LF6350-DB', '樂金(LG)', '46.30', 136, 43),
(38, '43LH5100', '樂金(LG)', '33.40', 98, 43),
(39, '43LH5100-DF', '樂金(LG)', '33.40', 98, 43),
(40, '43LH5700', '樂金(LG)', '37.60', 111, 43),
(41, '43LH5700-DJ', '樂金(LG)', '37.60', 111, 43),
(42, '43LH6000', '樂金(LG)', '37.50', 110, 43),
(43, '43LH6000-DB', '樂金(LG)', '37.50', 110, 43),
(44, '43LJ550T', '樂金(LG)', '5.80', 149, 43),
(45, '43LJ550T-DA', '樂金(LG)', '5.80', 149, 43),
(46, '43LK5700PWA', '樂金(LG)', '51.40', 151, 43),
(47, '43LV340C', '樂金(LG)', '45.30', 133, 43),
(48, '43LV340C-DB', '樂金(LG)', '45.30', 133, 43),
(49, '43LW340C', '樂金(LG)', '38.10', 112, 43),
(50, '43LW340C-DA', '樂金(LG)', '38.10', 112, 43),
(51, '43UF640T', '樂金(LG)', '52.30', 153, 43),
(52, '43UF640T-DA', '樂金(LG)', '52.30', 153, 43),
(53, '43UF690T', '樂金(LG)', '47.50', 139, 43),
(54, '43UF690T-DC', '樂金(LG)', '47.50', 139, 43),
(55, '43UF770T', '樂金(LG)', '5.00', 147, 43),
(56, '43UF770T-DD', '樂金(LG)', '5.00', 147, 43),
(57, '43UH610T', '樂金(LG)', '49.10', 144, 43),
(58, '43UH610T-DJ', '樂金(LG)', '49.10', 144, 43),
(59, '43UJ630T', '樂金(LG)', '51.00', 149, 43),
(60, '43UJ630T-DA', '樂金(LG)', '51.00', 149, 43),
(61, '43UV760H', '樂金(LG)', '51.40', 151, 43),
(62, '43UV760H-DC', '樂金(LG)', '51.40', 151, 43),
(63, '47LY540H', '樂金(LG)', '58.30', 171, 47),
(64, '47LY540H-DA', '樂金(LG)', '58.30', 171, 47),
(65, '49LF5100', '樂金(LG)', '41.70', 122, 49),
(66, '49LF5100-DA', '樂金(LG)', '41.70', 122, 49),
(67, '49LF5400', '樂金(LG)', '41.70', 122, 49),
(68, '49LF5400-DB', '樂金(LG)', '41.70', 122, 49),
(69, '49LF5900', '樂金(LG)', '42.70', 125, 49),
(70, '49LF5900-DB', '樂金(LG)', '42.70', 125, 49),
(71, '49LF6350', '樂金(LG)', '46.10', 135, 49),
(72, '49LF6350-DB', '樂金(LG)', '46.10', 135, 49),
(73, '49LH5100', '樂金(LG)', '36.20', 106, 49),
(74, '49LH5100-DF', '樂金(LG)', '36.20', 106, 49),
(75, '49LH5700', '樂金(LG)', '41.40', 122, 49),
(76, '49LH5700-DJ', '樂金(LG)', '41.40', 122, 49),
(77, '49LH6000', '樂金(LG)', '46.10', 135, 49),
(78, '49LH6000-DB', '樂金(LG)', '46.10', 135, 49),
(79, '49LJ550T', '樂金(LG)', '62.90', 184, 49),
(80, '49LJ550T-DA', '樂金(LG)', '62.90', 184, 49),
(81, '49LK5700PWA', '樂金(LG)', '63.20', 185, 49),
(82, '49LV340C', '樂金(LG)', '58.00', 170, 49),
(83, '49LV340C-DB', '樂金(LG)', '58.00', 170, 49),
(84, '49LW340C', '樂金(LG)', '47.20', 138, 49),
(85, '49LW340C-DA', '樂金(LG)', '47.20', 138, 49),
(86, '49LX341C', '樂金(LG)', '49.40', 145, 49),
(87, '49LX341C-DA', '樂金(LG)', '49.40', 145, 49),
(88, '49UB700T', '樂金(LG)', '8.00', 234, 49),
(89, '49UB700T-DH', '樂金(LG)', '8.00', 234, 49),
(90, '49UB820T', '樂金(LG)', '8.10', 234, 49),
(91, '49UB820T-DH', '樂金(LG)', '8.10', 234, 49),
(92, '49UF640T', '樂金(LG)', '57.70', 169, 49),
(93, '49UF640T-DA', '樂金(LG)', '57.70', 169, 49),
(94, '49UF675T', '樂金(LG)', '71.10', 208, 49),
(95, '49UF675T-DJ', '樂金(LG)', '71.10', 208, 49),
(96, '49UF690T', '樂金(LG)', '56.60', 166, 49),
(97, '49UF690T-DC', '樂金(LG)', '56.60', 166, 49),
(98, '49UF770T', '樂金(LG)', '57.70', 169, 49),
(99, '49UF770T-DA', '樂金(LG)', '57.70', 169, 49),
(100, '49UF770T-DD', '樂金(LG)', '57.80', 169, 49),
(101, '49UF850T', '樂金(LG)', '58.70', 172, 49),
(102, '49UF850T-DB', '樂金(LG)', '58.70', 172, 49),
(103, '49UH610T', '樂金(LG)', '56.30', 165, 49),
(104, '49UH610T-DJ', '樂金(LG)', '56.30', 165, 49),
(105, '49UH611T', '樂金(LG)', '56.30', 165, 49),
(106, '49UH611T-DE', '樂金(LG)', '56.30', 165, 49),
(107, '49UH623T', '樂金(LG)', '59.40', 174, 49),
(108, '49UH623T-DB', '樂金(LG)', '59.40', 174, 49),
(109, '49UJ630T', '樂金(LG)', '6.10', 176, 49),
(110, '49UJ630T-DA', '樂金(LG)', '6.10', 176, 49),
(111, '49UJ656T', '樂金(LG)', '59.10', 173, 49),
(112, '49UJ656T-DB', '樂金(LG)', '59.10', 173, 49),
(113, '49UV760H', '樂金(LG)', '55.20', 162, 49),
(114, '49UV760H-DC', '樂金(LG)', '55.20', 162, 49),
(115, '50LF6500', '樂金(LG)', '52.90', 155, 50),
(116, '50LF6500-DB', '樂金(LG)', '52.90', 155, 50),
(117, '55EC930T', '樂金(LG)', '93.80', 274, 55),
(118, '55EC930T-DA', '樂金(LG)', '93.80', 274, 55),
(119, '55LF5950', '樂金(LG)', '64.80', 190, 55),
(120, '55LF5950-DB', '樂金(LG)', '64.80', 190, 55),
(121, '55LF6350', '樂金(LG)', '53.40', 156, 55),
(122, '55LF6350-DB', '樂金(LG)', '53.40', 156, 55),
(123, '55LF6500', '樂金(LG)', '58.80', 172, 55),
(124, '55LF6500-DB', '樂金(LG)', '58.80', 172, 55),
(125, '55LH6000', '樂金(LG)', '6.50', 178, 55),
(126, '55LH6000-DB', '樂金(LG)', '6.50', 178, 55),
(127, '55LV340C', '樂金(LG)', '66.00', 193, 55),
(128, '55LV340C-DB', '樂金(LG)', '66.00', 193, 55),
(129, '55LW340C', '樂金(LG)', '55.10', 161, 55),
(130, '55LW340C-DA', '樂金(LG)', '55.10', 161, 55),
(131, '55LX341C', '樂金(LG)', '59.70', 175, 55),
(132, '55LX341C-DA', '樂金(LG)', '59.70', 175, 55),
(133, '55SK8000PWA', '樂金(LG)', '71.20', 209, 55),
(134, '55UB700T', '樂金(LG)', '97.30', 284, 55),
(135, '55UB700T-DH', '樂金(LG)', '97.30', 284, 55),
(136, '55UB820T', '樂金(LG)', '112.90', 330, 55),
(137, '55UB820T-DH', '樂金(LG)', '112.90', 330, 55),
(138, '55UB950T', '樂金(LG)', '13.00', 301, 55),
(139, '55UB950T-DA', '樂金(LG)', '13.00', 301, 55),
(140, '55UC970T', '樂金(LG)', '12.40', 300, 55),
(141, '55UC970T-DA', '樂金(LG)', '12.40', 300, 55),
(142, '55UF680T', '樂金(LG)', '65.60', 192, 55),
(143, '55UF680T-DA', '樂金(LG)', '65.60', 192, 55),
(144, '55UF850T', '樂金(LG)', '67.80', 198, 55),
(145, '55UF850T-DB', '樂金(LG)', '67.80', 198, 55),
(146, '55UF950T', '樂金(LG)', '89.60', 262, 55),
(147, '55UF950T-DA', '樂金(LG)', '89.60', 262, 55),
(148, '55UH615T', '樂金(LG)', '65.40', 192, 55),
(149, '55UH615T-DB', '樂金(LG)', '65.40', 192, 55),
(150, '55UH623T', '樂金(LG)', '65.60', 192, 55),
(151, '55UH623T-DB', '樂金(LG)', '65.60', 192, 55),
(152, '55UH650T', '樂金(LG)', '67.10', 197, 55),
(153, '55UH650T-DB', '樂金(LG)', '67.10', 197, 55),
(154, '55UH770T', '樂金(LG)', '71.90', 211, 55),
(155, '55UH770T-DA', '樂金(LG)', '71.90', 211, 55),
(156, '55UJ630T', '樂金(LG)', '67.80', 199, 55),
(157, '55UJ630T-DA', '樂金(LG)', '67.80', 199, 55),
(158, '55UJ651T', '樂金(LG)', '68.90', 202, 55),
(159, '55UJ651T-DA', '樂金(LG)', '68.90', 202, 55),
(160, '55UJ651T-DC', '樂金(LG)', '68.90', 202, 55),
(161, '55UJ658T', '樂金(LG)', '68.90', 202, 55),
(162, '55UJ658T-DD', '樂金(LG)', '68.90', 202, 55),
(163, '55UK6320PWE', '樂金(LG)', '64.80', 190, 55),
(164, '55UK6500PWC', '樂金(LG)', '67.40', 198, 55),
(165, '55UK6540PWD', '樂金(LG)', '67.40', 198, 55),
(166, '55UV760H', '樂金(LG)', '57.30', 168, 55),
(167, '55UV760H-DC', '樂金(LG)', '57.30', 168, 55),
(168, '60LF6350', '樂金(LG)', '79.00', 231, 60),
(169, '60LF6350-DB', '樂金(LG)', '79.00', 231, 60),
(170, '60UF770T', '樂金(LG)', '86.00', 252, 60),
(171, '60UF770T-DD', '樂金(LG)', '86.00', 252, 60),
(172, '60UF850T', '樂金(LG)', '11.40', 297, 60),
(173, '60UF850T-DB', '樂金(LG)', '11.40', 297, 60),
(174, '60UH615T', '樂金(LG)', '72.20', 211, 60),
(175, '60UH615T-DB', '樂金(LG)', '72.20', 211, 60),
(176, '60UJ651T', '樂金(LG)', '72.90', 214, 60),
(177, '60UJ651T-DA', '樂金(LG)', '72.90', 214, 60),
(178, '60UJ651T-DC', '樂金(LG)', '72.90', 214, 60),
(179, '60UJ658T', '樂金(LG)', '72.90', 214, 60),
(180, '60UJ658T-DD', '樂金(LG)', '72.90', 214, 60),
(181, '65EC970T', '樂金(LG)', '136.60', 399, 65),
(182, '65EC970T-DA', '樂金(LG)', '136.60', 399, 65),
(183, '65EG960T', '樂金(LG)', '135.80', 397, 65),
(184, '65EG960T-DA', '樂金(LG)', '135.80', 397, 65),
(185, '65UB980T', '樂金(LG)', '128.50', 375, 65),
(186, '65UB980T-DA', '樂金(LG)', '128.50', 375, 65),
(187, '65UC970T', '樂金(LG)', '118.00', 345, 65),
(188, '65UC970T-DA', '樂金(LG)', '118.00', 345, 65),
(189, '65UF680T', '樂金(LG)', '74.60', 219, 65),
(190, '65UF680T-DA', '樂金(LG)', '74.60', 219, 65),
(191, '65UF850T', '樂金(LG)', '113.50', 331, 65),
(192, '65UF850T-DB', '樂金(LG)', '113.50', 331, 65),
(193, '65UF950T', '樂金(LG)', '17.70', 315, 65),
(194, '65UF950T-DA', '樂金(LG)', '17.70', 315, 65),
(195, '65UH615T', '樂金(LG)', '7.10', 205, 65),
(196, '65UH615T-DB', '樂金(LG)', '7.10', 205, 65),
(197, '65UH650T', '樂金(LG)', '77.20', 226, 65),
(198, '65UH650T-DB', '樂金(LG)', '77.20', 226, 65),
(199, '65UJ651T', '樂金(LG)', '79.90', 234, 65),
(200, '65UJ651T-DA', '樂金(LG)', '79.90', 234, 65),
(201, '65UJ651T-DC', '樂金(LG)', '79.90', 234, 65),
(202, '65UJ658T', '樂金(LG)', '79.90', 234, 65),
(203, '65UJ658T-DD', '樂金(LG)', '79.90', 234, 65),
(204, '65UK6500PWC', '樂金(LG)', '77.70', 228, 65),
(205, '65UK6540PWD', '樂金(LG)', '77.70', 228, 65),
(206, '70UF770T', '樂金(LG)', '17.30', 313, 70),
(207, '70UF770T-DA', '樂金(LG)', '17.30', 313, 70),
(208, '70UF770T-DD', '樂金(LG)', '17.70', 314, 70),
(209, '79UB980T', '樂金(LG)', '147.70', 431, 79),
(210, '79UB980T-DA', '樂金(LG)', '147.70', 431, 79),
(211, '79UF770T', '樂金(LG)', '133.30', 389, 79),
(212, '79UF770T-DD', '樂金(LG)', '133.30', 389, 79),
(213, '79UF950T', '樂金(LG)', '135.60', 396, 79),
(214, '79UF950T-DA', '樂金(LG)', '135.60', 396, 79),
(215, 'KD-43X7000E', '索尼(SONY)', '55.90', 165, 43),
(216, 'KD-49X8000D', '索尼(SONY)', '66.40', 196, 49),
(217, 'KD-49X8300C', '索尼(SONY)', '76.80', 226, 49),
(218, 'KD-55X7000E', '索尼(SONY)', '75.10', 219, 55),
(219, 'KD-65X9000C', '索尼(SONY)', '152.40', 446, 65),
(220, 'KDL-32W600A', '索尼(SONY)', '34.50', 103, 32),
(221, 'KDL-32W600D', '索尼(SONY)', '3.70', 91, 32),
(222, 'KDL-32W700C', '索尼(SONY)', '33.00', 98, 32),
(223, 'KDL-40W650D', '索尼(SONY)', '49.70', 147, 40),
(224, 'KDL-40W660E', '索尼(SONY)', '4.90', 121, 40),
(225, 'KDL-40W700C', '索尼(SONY)', '35.50', 104, 40),
(226, 'KDL-43W660F', '索尼(SONY)', '44.10', 130, 43),
(227, 'KDL-43W750D', '索尼(SONY)', '52.80', 156, 43),
(228, 'KDL-43W800C', '索尼(SONY)', '42.50', 126, 43),
(229, 'KDL-48W700C', '索尼(SONY)', '44.60', 131, 48),
(230, 'KDL-49W660E', '索尼(SONY)', '53.90', 159, 49),
(231, 'KDL-49W750D', '索尼(SONY)', '56.00', 165, 49),
(232, 'KDL-50W800C', '索尼(SONY)', '47.90', 142, 50),
(233, 'KDL-55W800C', '索尼(SONY)', '59.80', 176, 55),
(234, 'KDL-65W850C', '索尼(SONY)', '78.40', 230, 65),
(235, 'KDL-75W850C', '索尼(SONY)', '115.10', 337, 75),
(236, 'LC-32LE265T', '夏普(SHARP)', '31.10', 92, 32),
(237, 'LC-32LE275T', '夏普(SHARP)', '35.30', 105, 32),
(238, 'LC-40H20T', '夏普(SHARP)', '61.50', 181, 40),
(239, 'LC-40LE265T', '夏普(SHARP)', '5.10', 147, 40),
(240, 'LC-40LE275T', '夏普(SHARP)', '49.10', 144, 40),
(241, 'LC-40LE360T', '夏普(SHARP)', '5.00', 147, 40),
(242, 'LC-45LE580T', '夏普(SHARP)', '61.70', 182, 45),
(243, 'LC-46G7T', '夏普(SHARP)', '74.00', 216, 46),
(244, 'LC-50LE380T', '夏普(SHARP)', '56.40', 165, 50),
(245, 'LC-50LE580T', '夏普(SHARP)', '45.80', 134, 50),
(246, 'LC-52G7T', '夏普(SHARP)', '9.80', 265, 52),
(247, 'LC-60B300T', '夏普(SHARP)', '13.20', 303, 60),
(248, 'LC-60G7T', '夏普(SHARP)', '95.60', 279, 60),
(249, 'LC-60H20T', '夏普(SHARP)', '15.70', 309, 60),
(250, 'LC-60LE360T', '夏普(SHARP)', '13.20', 302, 60),
(251, 'LC-60LE640T', '夏普(SHARP)', '115.10', 336, 60),
(252, 'LC-60LE666AT', '夏普(SHARP)', '114.40', 334, 60),
(253, 'LC-60U35MT', '夏普(SHARP)', '68.20', 201, 60),
(254, 'LC-60Y7T', '夏普(SHARP)', '118.20', 345, 60),
(255, 'LC-70B300T', '夏普(SHARP)', '123.60', 362, 70),
(256, 'LC-70H20T', '夏普(SHARP)', '126.50', 370, 70),
(257, 'LC-70LE360T', '夏普(SHARP)', '123.60', 362, 70),
(258, 'LC-80G7T', '夏普(SHARP)', '18.10', 526, 80),
(259, 'TH-40CX600W', '國際(PANASONIC)', '57.50', 169, 40),
(260, 'TH-43CS630W', '國際(PANASONIC)', '57.70', 170, 43),
(261, 'TH-49CS630W', '國際(PANASONIC)', '79.40', 233, 49),
(262, 'TH-50CX600W', '國際(PANASONIC)', '73.90', 217, 50),
(263, 'TH-55AS800W', '國際(PANASONIC)', '97.50', 287, 55),
(264, 'TH-55CX600W', '國際(PANASONIC)', '11.00', 296, 55),
(265, 'TH-60AS800W', '國際(PANASONIC)', '111.80', 328, 60),
(266, 'UA24J4100AW', '三星(SAMSUNG)', '16.80', 50, 24),
(267, 'UA24J4100AWXZW', '三星(SAMSUNG)', '16.80', 50, 24),
(268, 'UA32J4003AW', '三星(SAMSUNG)', '37.70', 111, 32),
(269, 'UA32J4003AWXZW', '三星(SAMSUNG)', '37.70', 111, 32),
(270, 'UA32J4100AW', '三星(SAMSUNG)', '26.40', 77, 32),
(271, 'UA32J4100AWXZW', '三星(SAMSUNG)', '26.40', 77, 32),
(272, 'UA32J4303AW', '三星(SAMSUNG)', '28.40', 84, 32),
(273, 'UA32J4303AWXZW', '三星(SAMSUNG)', '28.40', 84, 32),
(274, 'UA32J4303DW', '三星(SAMSUNG)', '33.30', 98, 32),
(275, 'UA32J4303DWXZW', '三星(SAMSUNG)', '33.30', 98, 32),
(276, 'UA32K4100AW', '三星(SAMSUNG)', '31.60', 93, 32),
(277, 'UA32K4100AWXZW', '三星(SAMSUNG)', '31.60', 93, 32),
(278, 'UA32M4100AW', '三星(SAMSUNG)', '35.00', 104, 32),
(279, 'UA32M4100AWXZW', '三星(SAMSUNG)', '35.00', 104, 32),
(280, 'UA32M4100DW', '三星(SAMSUNG)', '35.20', 104, 32),
(281, 'UA32M4100DWXZW', '三星(SAMSUNG)', '35.20', 104, 32),
(282, 'UA40J5100AW', '三星(SAMSUNG)', '43.10', 126, 40),
(283, 'UA40J5100AWXZW', '三星(SAMSUNG)', '43.10', 126, 40),
(284, 'UA40J6200AW', '三星(SAMSUNG)', '45.30', 133, 40),
(285, 'UA40J6200AWXZW', '三星(SAMSUNG)', '45.30', 133, 40),
(286, 'UA40J6300AW', '三星(SAMSUNG)', '47.10', 139, 40),
(287, 'UA40J6300AWXZW', '三星(SAMSUNG)', '47.10', 139, 40),
(288, 'UA40K5100AW', '三星(SAMSUNG)', '46.70', 137, 40),
(289, 'UA40K5100AWXZW', '三星(SAMSUNG)', '46.70', 137, 40),
(290, 'UA40M5000AW', '三星(SAMSUNG)', '4.40', 118, 40),
(291, 'UA40M5000AWXZW', '三星(SAMSUNG)', '4.40', 118, 40),
(292, 'UA40M5100AW', '三星(SAMSUNG)', '49.70', 146, 40),
(293, 'UA40M5100AWXZW', '三星(SAMSUNG)', '49.70', 146, 40),
(294, 'UA40M5100DW', '三星(SAMSUNG)', '43.80', 128, 40),
(295, 'UA40M5100DWXZW', '三星(SAMSUNG)', '43.80', 128, 40),
(296, 'UA43J5100AW', '三星(SAMSUNG)', '5.10', 147, 43),
(297, 'UA43J5100AWXZW', '三星(SAMSUNG)', '5.10', 147, 43),
(298, 'UA43J5500AW', '三星(SAMSUNG)', '46.30', 136, 43),
(299, 'UA43J5500AWXZW', '三星(SAMSUNG)', '46.30', 136, 43),
(300, 'UA43K5100AW', '三星(SAMSUNG)', '5.40', 147, 43),
(301, 'UA43K5100AWXZW', '三星(SAMSUNG)', '5.40', 147, 43),
(302, 'UA43K5500AW', '三星(SAMSUNG)', '49.90', 147, 43),
(303, 'UA43K5500AWXZW', '三星(SAMSUNG)', '49.90', 147, 43),
(304, 'UA43M5100AW', '三星(SAMSUNG)', '55.99', 164, 43),
(305, 'UA43M5100AWXZW', '三星(SAMSUNG)', '55.99', 164, 43),
(306, 'UA43M5100DW', '三星(SAMSUNG)', '49.70', 146, 43),
(307, 'UA43M5100DWXZW', '三星(SAMSUNG)', '49.70', 146, 43),
(308, 'UA43M5500AW', '三星(SAMSUNG)', '55.60', 164, 43),
(309, 'UA43M5500AWXZW', '三星(SAMSUNG)', '55.60', 164, 43),
(310, 'UA43M5503AW', '三星(SAMSUNG)', '55.60', 164, 43),
(311, 'UA43M5503AWXZW', '三星(SAMSUNG)', '55.60', 164, 43),
(312, 'UA48H6800AW', '三星(SAMSUNG)', '52.60', 154, 48),
(313, 'UA48H6800AWXZW', '三星(SAMSUNG)', '52.60', 154, 48),
(314, 'UA48J5100AW', '三星(SAMSUNG)', '48.20', 141, 48),
(315, 'UA48J5100AWXZW', '三星(SAMSUNG)', '48.20', 141, 48),
(316, 'UA48J5500AW', '三星(SAMSUNG)', '62.60', 184, 48),
(317, 'UA48J5500AWXZW', '三星(SAMSUNG)', '62.60', 184, 48),
(318, 'UA48J6200AW', '三星(SAMSUNG)', '81.50', 240, 48),
(319, 'UA48J6200AWXZW', '三星(SAMSUNG)', '81.50', 240, 48),
(320, 'UA48J6300AW', '三星(SAMSUNG)', '63.20', 185, 48),
(321, 'UA48J6300AWXZW', '三星(SAMSUNG)', '63.20', 185, 48),
(322, 'UA48JU6000W', '三星(SAMSUNG)', '59.80', 175, 48),
(323, 'UA48JU6000WXZW', '三星(SAMSUNG)', '59.80', 175, 48),
(324, 'UA49K5100AW', '三星(SAMSUNG)', '58.60', 171, 49),
(325, 'UA49K5100AWXZW', '三星(SAMSUNG)', '58.60', 171, 49),
(326, 'UA49K6300AW', '三星(SAMSUNG)', '51.90', 152, 49),
(327, 'UA49K6300AWXZW', '三星(SAMSUNG)', '51.90', 152, 49),
(328, 'UA49M5100AW', '三星(SAMSUNG)', '65.00', 191, 49),
(329, 'UA49M5100AWXZW', '三星(SAMSUNG)', '65.00', 191, 49),
(330, 'UA49M5500AW', '三星(SAMSUNG)', '64.39', 189, 49),
(331, 'UA49M5500AWXZW', '三星(SAMSUNG)', '64.39', 189, 49),
(332, 'UA49M5503AW', '三星(SAMSUNG)', '64.39', 189, 49),
(333, 'UA49M5503AWXZW', '三星(SAMSUNG)', '64.39', 189, 49),
(334, 'UA50J5000AW', '三星(SAMSUNG)', '56.70', 166, 50),
(335, 'UA50J5000AWXZW', '三星(SAMSUNG)', '56.70', 166, 50),
(336, 'UA55H6800AW', '三星(SAMSUNG)', '91.50', 267, 55),
(337, 'UA55H6800AWXZW', '三星(SAMSUNG)', '91.50', 267, 55),
(338, 'UA55J5500AW', '三星(SAMSUNG)', '92.90', 272, 55),
(339, 'UA55J5500AWXZW', '三星(SAMSUNG)', '92.90', 272, 55),
(340, 'UA55J6200AW', '三星(SAMSUNG)', '1.80', 296, 55),
(341, 'UA55J6200AWXZW', '三星(SAMSUNG)', '1.80', 296, 55),
(342, 'UA55J6300AW', '三星(SAMSUNG)', '64.00', 187, 55),
(343, 'UA55J6300AWXZW', '三星(SAMSUNG)', '64.00', 187, 55),
(344, 'UA55JU6000W', '三星(SAMSUNG)', '76.20', 223, 55),
(345, 'UA55JU6000WXZW', '三星(SAMSUNG)', '76.20', 223, 55),
(346, 'UA55JU6400W', '三星(SAMSUNG)', '83.50', 245, 55),
(347, 'UA55JU6400WXZW', '三星(SAMSUNG)', '83.50', 245, 55),
(348, 'UA55K5500AW', '三星(SAMSUNG)', '55.70', 163, 55),
(349, 'UA55K5500AWXZW', '三星(SAMSUNG)', '55.70', 163, 55),
(350, 'UA55K6300AW', '三星(SAMSUNG)', '56.00', 164, 55),
(351, 'UA55K6300AWXZW', '三星(SAMSUNG)', '56.00', 164, 55),
(352, 'UA58H5200', '三星(SAMSUNG)', '65.60', 192, 58),
(353, 'UA58H5200AW', '三星(SAMSUNG)', '65.60', 192, 58),
(354, 'UA65HU7200W', '三星(SAMSUNG)', '127.40', 373, 65),
(355, 'UA65HU7200WXZW', '三星(SAMSUNG)', '127.40', 373, 65),
(356, 'UA65HU9000W', '三星(SAMSUNG)', '133.90', 392, 65),
(357, 'UA65HU9000WXZW', '三星(SAMSUNG)', '133.90', 392, 65),
(358, 'UA65JS9000W', '三星(SAMSUNG)', '127.70', 374, 65),
(359, 'UA65JS9000WXZW', '三星(SAMSUNG)', '127.70', 374, 65),
(360, 'UA65JU6000W', '三星(SAMSUNG)', '18.20', 316, 65),
(361, 'UA65JU6000WXZW', '三星(SAMSUNG)', '18.20', 316, 65),
(362, 'UA65JU6600W', '三星(SAMSUNG)', '12.40', 299, 65),
(363, 'UA65JU6600WXZW', '三星(SAMSUNG)', '12.40', 299, 65),
(364, 'UA65JU7500W', '三星(SAMSUNG)', '98.00', 287, 65),
(365, 'UA65JU7500WXZW', '三星(SAMSUNG)', '98.00', 287, 65),
(366, 'UA75H7000AW', '三星(SAMSUNG)', '13.30', 302, 75),
(367, 'UA75H7000AWXZW', '三星(SAMSUNG)', '13.30', 302, 75),
(368, 'UA75JU6400W', '三星(SAMSUNG)', '156.40', 457, 75),
(369, 'UA75JU6400WXZW', '三星(SAMSUNG)', '156.40', 457, 75),
(370, 'UA78JU7500W', '三星(SAMSUNG)', '165.60', 485, 78),
(371, 'UA78JU7500WXZW', '三星(SAMSUNG)', '165.60', 485, 78);

-- --------------------------------------------------------

--
-- 資料表結構 `user_idpw`
--

CREATE TABLE `user_idpw` (
  `user_id` varchar(20) CHARACTER SET utf8 NOT NULL,
  `user_password` varchar(20) NOT NULL
) ENGINE=InnoDB DEFAULT CHARSET=latin1;

--
-- 資料表的匯出資料 `user_idpw`
--

INSERT INTO `user_idpw` (`user_id`, `user_password`) VALUES
('banny', 'b0711'),
('jamie', '19971122'),
('krishung0521', 'b0529014');

-- --------------------------------------------------------

--
-- 資料表結構 `user_info`
--

CREATE TABLE `user_info` (
  `user_id` varchar(16) NOT NULL,
  `month` int(4) NOT NULL,
  `aircon_ele` int(8) NOT NULL,
  `aircon_time` float NOT NULL,
  `tv_ele` int(8) NOT NULL,
  `tv_time` float NOT NULL,
  `washer_ele` int(8) NOT NULL,
  `washer_time` float NOT NULL,
  `pot_ele` int(8) NOT NULL,
  `pot_time` float NOT NULL,
  `fridge_ele` int(8) NOT NULL,
  `fridge_time` float NOT NULL,
  `dehumid_ele` int(8) NOT NULL,
  `dehumid_time` float NOT NULL
) ENGINE=InnoDB DEFAULT CHARSET=utf8;

--
-- 資料表的匯出資料 `user_info`
--

INSERT INTO `user_info` (`user_id`, `month`, `aircon_ele`, `aircon_time`, `tv_ele`, `tv_time`, `washer_ele`, `washer_time`, `pot_ele`, `pot_time`, `fridge_ele`, `fridge_time`, `dehumid_ele`, `dehumid_time`) VALUES
('banny', 0, 0, 0, 0, 0, 0, 0, 0, 0, 0, 0, 0, 0);

-- --------------------------------------------------------

--
-- 資料表結構 `washer`
--

CREATE TABLE `washer` (
  `商品型號` varchar(15) NOT NULL,
  `商標名稱` varchar(15) DEFAULT NULL,
  `能源效率` decimal(5,4) DEFAULT NULL,
  `年耗電量` int(2) DEFAULT NULL,
  `容量` decimal(3,1) DEFAULT NULL
) ENGINE=InnoDB DEFAULT CHARSET=utf8;

--
-- 資料表的匯出資料 `washer`
--

INSERT INTO `washer` (`商品型號`, `商標名稱`, `能源效率`, `年耗電量`, `容量`) VALUES
('1CWTW4845EW', '惠而浦(WHIRLPOOL)', '0.0103', 24, '11.0'),
('ASW-110DV', '三洋(SANLUX)', '0.0082', 19, '11.0'),
('ASW-110DVB', '三洋(SANLUX)', '0.0082', 19, '11.0'),
('ASW-110HT', '三洋(SANLUX)', '0.0078', 18, '11.0'),
('ASW-110HTB', '三洋(SANLUX)', '0.0078', 18, '11.0'),
('ASW-125MT', '三洋(SANLUX)', '0.0073', 19, '12.5'),
('ASW-125MTB', '三洋(SANLUX)', '0.0073', 19, '12.5'),
('ASW-95HTB', '三洋(SANLUX)', '0.0102', 17, '9.5'),
('AW-DC1150CG', '東芝(TOSHIBA)', '0.0090', 19, '10.0'),
('AW-DC13WAG', '東芝(TOSHIBA)', '0.0090', 24, '13.0'),
('AW-DC14WAG', '東芝(TOSHIBA)', '0.0079', 23, '14.0'),
('AW-DC15WAG', '東芝(TOSHIBA)', '0.0073', 23, '15.0'),
('AW-DC16WAG', '東芝(TOSHIBA)', '0.0068', 23, '16.0'),
('AW-DE1100GG', '東芝(TOSHIBA)', '0.0072', 16, '11.0'),
('AW-DE1200GG', '東芝(TOSHIBA)', '0.0071', 16, '12.0'),
('AW-DG13WAG', '東芝(TOSHIBA)', '0.0077', 21, '13.0'),
('AW-DG14WAG', '東芝(TOSHIBA)', '0.0073', 21, '14.0'),
('AW-DG15WAG', '東芝(TOSHIBA)', '0.0065', 20, '15.0'),
('AW-DG16WAG', '東芝(TOSHIBA)', '0.0063', 21, '16.0'),
('AW-DME1100GG', '東芝(TOSHIBA)', '0.0072', 16, '11.0'),
('AW-DME1200GG', '東芝(TOSHIBA)', '0.0071', 16, '12.0'),
('AW-DME15WAG', '東芝(TOSHIBA)', '0.0079', 25, '15.0'),
('AW-DME16WAG', '東芝(TOSHIBA)', '0.0070', 23, '16.0'),
('AW-DMG15WAG', '東芝(TOSHIBA)', '0.0065', 20, '15.0'),
('AW-DMG16WAG', '東芝(TOSHIBA)', '0.0063', 21, '16.0'),
('AW-DUH1000GG', '東芝(TOSHIBA)', '0.0081', 17, '10.0'),
('AW-DUH1100GG', '東芝(TOSHIBA)', '0.0074', 17, '11.0'),
('AW-E9290LG', '東芝(TOSHIBA)', '0.0102', 19, '9.0'),
('BW-11S03', '歌林(KOLIN)', '0.0082', 19, '11.0'),
('BW-11S04', '歌林(KOLIN)', '0.0082', 19, '11.0'),
('BW-11V01', '歌林(KOLIN)', '0.0078', 18, '11.0'),
('BW-12S05', '歌林(KOLIN)', '0.0061', 15, '12.0'),
('BW-12V01', '歌林(KOLIN)', '0.0073', 18, '12.0'),
('BW-13S02', '歌林(KOLIN)', '0.0074', 20, '13.0'),
('BW-13S03', '歌林(KOLIN)', '0.0074', 20, '13.0'),
('BW-14V01', '歌林(KOLIN)', '0.0063', 18, '14.0'),
('BW-14V02', '歌林(KOLIN)', '0.0036', 10, '14.0'),
('BW-16S03', '歌林(KOLIN)', '0.0093', 31, '16.0'),
('BW-16V01', '歌林(KOLIN)', '0.0038', 13, '16.0'),
('BW-17V03', '歌林(KOLIN)', '0.0103', 36, '17.0'),
('BW-35S01', '歌林(KOLIN)', '0.0092', 7, '3.5'),
('BW-35S03', '歌林(KOLIN)', '0.0104', 8, '3.5'),
('BW-7S01', '歌林(KOLIN)', '0.0102', 15, '7.0'),
('BW-8S01', '歌林(KOLIN)', '0.0071', 12, '8.0'),
('BW-V120BS', '日立(HITACHI)', '0.0088', 22, '12.0'),
('ES-A10F', '聲寶(SAMPO)', '0.0104', 22, '10.0'),
('ES-A13F', '聲寶(SAMPO)', '0.0092', 24, '13.0'),
('ES-A13S', '聲寶(SAMPO)', '0.0080', 22, '13.0'),
('ES-A14S', '聲寶(SAMPO)', '0.0080', 23, '14.0'),
('ES-A15S', '聲寶(SAMPO)', '0.0074', 23, '15.0'),
('ES-ASD10T', '夏普(SHARP)', '0.0074', 15, '10.0'),
('ES-ASD11T', '夏普(SHARP)', '0.0067', 15, '11.0'),
('ES-B15F', '聲寶(SAMPO)', '0.0086', 27, '15.0'),
('ES-BD119F', '聲寶(SAMPO)', '0.0052', 12, '11.0'),
('ES-BD13P', '聲寶(SAMPO)', '0.0049', 13, '13.0'),
('ES-BD14P', '聲寶(SAMPO)', '0.0045', 13, '14.0'),
('ES-BD15F', '聲寶(SAMPO)', '0.0048', 15, '15.0'),
('ES-BD15P', '聲寶(SAMPO)', '0.0043', 13, '15.0'),
('ES-BD15TP', '聲寶(SAMPO)', '0.0044', 14, '15.0'),
('ES-D11F', '聲寶(SAMPO)', '0.0099', 22, '11.0'),
('ES-DD13P', '聲寶(SAMPO)', '0.0054', 15, '13.0'),
('ES-DD14P', '聲寶(SAMPO)', '0.0049', 14, '14.0'),
('ES-DD15P', '聲寶(SAMPO)', '0.0046', 14, '15.0'),
('ES-E13B', '聲寶(SAMPO)', '0.0095', 26, '13.0'),
('ES-E15B', '聲寶(SAMPO)', '0.0089', 28, '15.0'),
('ES-E17B', '聲寶(SAMPO)', '0.0098', 35, '17.0'),
('ES-ED15PS', '聲寶(SAMPO)', '0.0046', 14, '15.0'),
('ES-ED17P', '聲寶(SAMPO)', '0.0052', 18, '17.0'),
('ES-ED17PS', '聲寶(SAMPO)', '0.0052', 18, '17.0'),
('ES-H11F', '聲寶(SAMPO)', '0.0103', 24, '11.0'),
('ES-HD12B', '聲寶(SAMPO)', '0.0052', 13, '12.0'),
('ES-HD14B', '聲寶(SAMPO)', '0.0065', 19, '14.0'),
('ES-HD16B', '聲寶(SAMPO)', '0.0060', 20, '16.0'),
('ES-JD14P', '聲寶(SAMPO)', '0.0062', 18, '14.0'),
('ES-JD16P', '聲寶(SAMPO)', '0.0050', 17, '16.0'),
('ES-JD16PS', '聲寶(SAMPO)', '0.0050', 17, '16.0'),
('ES-JD18P', '聲寶(SAMPO)', '0.0051', 19, '18.0'),
('ES-JD18PS', '聲寶(SAMPO)', '0.0051', 19, '18.0'),
('ES-SD159T', '夏普(SHARP)', '0.0052', 16, '15.0'),
('ES-SQ130T', '夏普(SHARP)', '0.0102', 28, '13.0'),
('F1450HT1W', '樂金(LG)', '0.0087', 19, '10.5'),
('F2514DTGW', '樂金(LG)', '0.0078', 23, '14.0'),
('F2514NTGW', '樂金(LG)', '0.0075', 22, '14.0'),
('F2721HTTV', '樂金(LG)', '0.0082', 36, '21.0'),
('FAW-0652M', '富及第(FRIGIDAIRE)', '0.0100', 14, '6.5'),
('FAW-0654M', '富及第(FRIGIDAIRE)', '0.0100', 14, '6.5'),
('FAW-0656M', '富及第(FRIGIDAIRE)', '0.0100', 14, '6.5'),
('FAW-0702M', '富及第(FRIGIDAIRE)', '0.0095', 14, '7.0'),
('FAW-0704M', '富及第(FRIGIDAIRE)', '0.0095', 14, '7.0'),
('FAW-0706M', '富及第(FRIGIDAIRE)', '0.0095', 14, '7.0'),
('FAW-0752M', '富及第(FRIGIDAIRE)', '0.0090', 14, '7.0'),
('FAW-0754M', '富及第(FRIGIDAIRE)', '0.0090', 14, '7.0'),
('FAW-0756M', '富及第(FRIGIDAIRE)', '0.0090', 14, '7.0'),
('FAW-08M1', '富及第(FRIGIDAIRE)', '0.0090', 14, '8.0'),
('FAW-1001WW', '富及第(FRIGIDAIRE)', '0.0075', 16, '10.0'),
('FAW-1003WC', '富及第(FRIGIDAIRE)', '0.0075', 16, '10.0'),
('FAW-1005WW', '富及第(FRIGIDAIRE)', '0.0075', 16, '10.0'),
('FAW-1007WC', '富及第(FRIGIDAIRE)', '0.0075', 16, '10.0'),
('FAW-1009W', '富及第(FRIGIDAIRE)', '0.0075', 16, '10.0'),
('FAW-1011WW', '富及第(FRIGIDAIRE)', '0.0075', 16, '10.0'),
('FAW-1013WC', '富及第(FRIGIDAIRE)', '0.0075', 16, '10.0'),
('FAW-1015WW', '富及第(FRIGIDAIRE)', '0.0075', 16, '10.0'),
('FAW-1017WC', '富及第(FRIGIDAIRE)', '0.0075', 16, '10.0'),
('FAW-1019W', '富及第(FRIGIDAIRE)', '0.0075', 16, '10.0'),
('FAW-10W1', '富及第(FRIGIDAIRE)', '0.0075', 16, '10.0'),
('HWM-1311', '禾聯(HERAN)', '0.0101', 26, '13.0'),
('HWM-1411V', '禾聯(HERAN)', '0.0084', 24, '14.0'),
('HWM-1511V', '禾聯(HERAN)', '0.0078', 24, '15.0'),
('HWM-1602', '禾聯(HERAN)', '0.0072', 24, '16.0'),
('HWM-1611V', '禾聯(HERAN)', '0.0079', 26, '16.0'),
('MCW-C70T', '美泰克(MAYTAG)', '0.0088', 13, '7.0'),
('MVW18CS', '美泰克(MAYTAG)', '0.0083', 21, '12.0'),
('NA-100YZ', '國際(PANASONIC)', '0.0094', 20, '10.0'),
('NA-110EB', '國際(PANASONIC)', '0.0079', 18, '11.0'),
('NA-110YZ', '國際(PANASONIC)', '0.0086', 20, '12.0'),
('NA-120EB', '國際(PANASONIC)', '0.0074', 18, '12.0'),
('NA-120YB', '國際(PANASONIC)', '0.0084', 21, '13.0'),
('NA-130VB', '國際(PANASONIC)', '0.0079', 21, '13.0'),
('NA-130VT', '國際(PANASONIC)', '0.0093', 25, '13.0'),
('NA-158VB', '國際(PANASONIC)', '0.0073', 21, '14.0'),
('NA-158VT', '國際(PANASONIC)', '0.0091', 26, '14.0'),
('NA-168VB', '國際(PANASONIC)', '0.0073', 23, '15.0'),
('NA-168VBS', '國際(PANASONIC)', '0.0073', 23, '15.0'),
('NA-90EB', '國際(PANASONIC)', '0.0082', 15, '9.0'),
('NA-D106X1', '國際(PANASONIC)', '0.0066', 14, '10.5'),
('NA-V100YB', '國際(PANASONIC)', '0.0041', 9, '0.0'),
('NA-V100YBS', '國際(PANASONIC)', '0.0041', 9, '10.0'),
('NA-V110DB', '國際(PANASONIC)', '0.0041', 9, '11.0'),
('NA-V110DBS', '國際(PANASONIC)', '0.0041', 9, '11.0'),
('NA-V110EB', '國際(PANASONIC)', '0.0040', 9, '11.0'),
('NA-V110EBS', '國際(PANASONIC)', '0.0040', 9, '11.0'),
('NA-V110YBS', '國際(PANASONIC)', '0.0048', 11, '11.0'),
('NA-V120DBS', '國際(PANASONIC)', '0.0038', 9, '12.0'),
('NA-V120EBS', '國際(PANASONIC)', '0.0039', 10, '12.0'),
('NA-V120YBS', '國際(PANASONIC)', '0.0041', 10, '12.0'),
('NA-V130AB', '國際(PANASONIC)', '0.0035', 9, '13.0'),
('NA-V130ABS', '國際(PANASONIC)', '0.0035', 9, '13.0'),
('NA-V130AT', '國際(PANASONIC)', '0.0068', 18, '13.0'),
('NA-V130BB', '國際(PANASONIC)', '0.0039', 11, '13.0'),
('NA-V130BBS', '國際(PANASONIC)', '0.0039', 11, '13.0'),
('NA-V130BDH', '國際(PANASONIC)', '0.0085', 23, '13.0'),
('NA-V130BW', '國際(PANASONIC)', '0.0075', 20, '13.0'),
('NA-V130DB', '國際(PANASONIC)', '0.0039', 11, '13.0'),
('NA-V130DBS', '國際(PANASONIC)', '0.0039', 11, '13.0'),
('NA-V130DDH', '國際(PANASONIC)', '0.0085', 23, '13.0'),
('NA-V130DW', '國際(PANASONIC)', '0.0085', 23, '13.0'),
('NA-V130EB', '國際(PANASONIC)', '0.0038', 10, '13.0'),
('NA-V130EBS', '國際(PANASONIC)', '0.0038', 10, '13.0'),
('NA-V130MD', '國際(PANASONIC)', '0.0079', 21, '13.0'),
('NA-V130UDH', '國際(PANASONIC)', '0.0079', 21, '13.0'),
('NA-V130UW', '國際(PANASONIC)', '0.0086', 23, '13.0'),
('NA-V130VB', '國際(PANASONIC)', '0.0051', 14, '13.0'),
('NA-V130VBS', '國際(PANASONIC)', '0.0051', 14, '13.0'),
('NA-V158AB', '國際(PANASONIC)', '0.0037', 11, '14.0'),
('NA-V158ABS', '國際(PANASONIC)', '0.0037', 11, '14.0'),
('NA-V158BB', '國際(PANASONIC)', '0.0037', 11, '14.0'),
('NA-V158BBS', '國際(PANASONIC)', '0.0037', 11, '14.0'),
('NA-V158BDH', '國際(PANASONIC)', '0.0076', 22, '14.0'),
('NA-V158BW', '國際(PANASONIC)', '0.0063', 18, '14.0'),
('NA-V158DB', '國際(PANASONIC)', '0.0037', 11, '14.0'),
('NA-V158DBS', '國際(PANASONIC)', '0.0037', 11, '14.0'),
('NA-V158DDH', '國際(PANASONIC)', '0.0076', 22, '14.0'),
('NA-V158DW', '國際(PANASONIC)', '0.0076', 22, '14.0'),
('NA-V158EB', '國際(PANASONIC)', '0.0038', 11, '14.0'),
('NA-V158EBS', '國際(PANASONIC)', '0.0038', 11, '14.0'),
('NA-V158TW', '國際(PANASONIC)', '0.0071', 21, '14.0'),
('NA-V158UDH', '國際(PANASONIC)', '0.0078', 23, '14.0'),
('NA-V158VB', '國際(PANASONIC)', '0.0036', 10, '14.0'),
('NA-V158VBS', '國際(PANASONIC)', '0.0036', 10, '14.0'),
('NA-V168AB', '國際(PANASONIC)', '0.0037', 12, '15.0'),
('NA-V168ABS', '國際(PANASONIC)', '0.0037', 12, '15.0'),
('NA-V168AT', '國際(PANASONIC)', '0.0071', 22, '15.0'),
('NA-V168BB', '國際(PANASONIC)', '0.0037', 12, '15.0'),
('NA-V168BBS', '國際(PANASONIC)', '0.0037', 12, '15.0'),
('NA-V168BDH', '國際(PANASONIC)', '0.0071', 22, '15.0'),
('NA-V168DB', '國際(PANASONIC)', '0.0037', 12, '15.0'),
('NA-V168DBS', '國際(PANASONIC)', '0.0037', 12, '15.0'),
('NA-V168DDH', '國際(PANASONIC)', '0.0071', 22, '15.0'),
('NA-V168EB', '國際(PANASONIC)', '0.0037', 12, '15.0'),
('NA-V168EBS', '國際(PANASONIC)', '0.0037', 12, '15.0'),
('NA-V168VB', '國際(PANASONIC)', '0.0041', 13, '15.0'),
('NA-V168VBS', '國際(PANASONIC)', '0.0041', 13, '15.0'),
('NA-V178AB', '國際(PANASONIC)', '0.0033', 11, '16.0'),
('NA-V178ABS', '國際(PANASONIC)', '0.0033', 11, '16.0'),
('NA-V178BB', '國際(PANASONIC)', '0.0037', 12, '16.0'),
('NA-V178BBS', '國際(PANASONIC)', '0.0037', 12, '16.0'),
('NA-V178BDH', '國際(PANASONIC)', '0.0062', 21, '16.0'),
('NA-V178BW', '國際(PANASONIC)', '0.0066', 22, '16.0'),
('NA-V178DB', '國際(PANASONIC)', '0.0037', 12, '16.0'),
('NA-V178DBS', '國際(PANASONIC)', '0.0037', 12, '16.0'),
('NA-V178DDH', '國際(PANASONIC)', '0.0062', 21, '16.0'),
('NA-V178DW', '國際(PANASONIC)', '0.0062', 21, '16.0'),
('NA-V178EB', '國際(PANASONIC)', '0.0037', 12, '16.0'),
('NA-V178EBS', '國際(PANASONIC)', '0.0037', 12, '16.0'),
('NA-V178VB', '國際(PANASONIC)', '0.0038', 13, '16.0'),
('NA-V178VBS', '國際(PANASONIC)', '0.0038', 13, '16.0'),
('NA-V188DB', '國際(PANASONIC)', '0.0033', 12, '17.0'),
('NA-V188DBS', '國際(PANASONIC)', '0.0033', 12, '17.0'),
('NA-V188EB', '國際(PANASONIC)', '0.0033', 12, '17.0'),
('NA-V188EBS', '國際(PANASONIC)', '0.0033', 12, '17.0'),
('NA-V198EBS', '國際(PANASONIC)', '0.0059', 22, '18.0'),
('NA-V200EBS', '國際(PANASONIC)', '0.0047', 20, '20.0'),
('NA-V220EBS', '國際(PANASONIC)', '0.0048', 22, '22.0'),
('NA-VX73GL', '國際(PANASONIC)', '0.0073', 16, '10.5'),
('NA-VX73GR', '國際(PANASONIC)', '0.0073', 16, '10.5'),
('SF-130XAV', '日立(HITACHI)', '0.0077', 21, '13.0'),
('SF-130XBV', '日立(HITACHI)', '0.0087', 24, '13.0'),
('SF-130XTV', '日立(HITACHI)', '0.0087', 24, '13.0'),
('SF-130XWV', '日立(HITACHI)', '0.0087', 24, '13.0'),
('SF-140XAV', '日立(HITACHI)', '0.0082', 24, '14.0'),
('SF-140XBV', '日立(HITACHI)', '0.0073', 21, '14.0'),
('SF-140XTV', '日立(HITACHI)', '0.0073', 21, '14.0'),
('SF-140XWV', '日立(HITACHI)', '0.0073', 21, '14.0'),
('SF-150XBV', '日立(HITACHI)', '0.0071', 22, '15.0'),
('SF-150XTV', '日立(HITACHI)', '0.0071', 22, '15.0'),
('SF-150XWV', '日立(HITACHI)', '0.0071', 22, '15.0'),
('SF-160XBV', '日立(HITACHI)', '0.0094', 31, '16.0'),
('SF-160XTV', '日立(HITACHI)', '0.0094', 31, '16.0'),
('SF-160XWV', '日立(HITACHI)', '0.0094', 31, '16.0'),
('SF-170XBV', '日立(HITACHI)', '0.0085', 30, '17.0'),
('SF-180XBV', '日立(HITACHI)', '0.0087', 33, '18.0'),
('SF-180XWV', '日立(HITACHI)', '0.0087', 33, '18.0'),
('SF-200XBV', '日立(HITACHI)', '0.0081', 34, '20.0'),
('SF-200XWV', '日立(HITACHI)', '0.0081', 34, '20.0'),
('SF-240XBV', '日立(HITACHI)', '0.0055', 27, '24.0'),
('SF-240XWV', '日立(HITACHI)', '0.0055', 27, '24.0'),
('SF-BW12M', '日立(HITACHI)', '0.0055', 13, '11.0'),
('SF-BW12P', '日立(HITACHI)', '0.0079', 18, '11.0'),
('SF-BW12W', '日立(HITACHI)', '0.0090', 21, '11.0'),
('SW-10UF3', '三洋(SANLUX)', '0.0094', 20, '10.0'),
('SW-10UF8', '三洋(SANLUX)', '0.0094', 20, '10.0'),
('SW-11DV8', '三洋(SANLUX)', '0.0066', 15, '11.0'),
('SW-11NS3', '三洋(SANLUX)', '0.0097', 22, '11.0'),
('SW-11UF5', '三洋(SANLUX)', '0.0095', 22, '11.0'),
('SW-11UF8', '三洋(SANLUX)', '0.0095', 22, '11.0'),
('SW-13AF3', '三洋(SANLUX)', '0.0102', 28, '13.0'),
('SW-13AF8', '三洋(SANLUX)', '0.0102', 28, '13.0'),
('SW-13AS', '三洋(SANLUX)', '0.0082', 22, '13.0'),
('SW-13AS3', '三洋(SANLUX)', '0.0082', 22, '13.0'),
('SW-13DU1', '三洋(SANLUX)', '0.0048', 13, '13.0'),
('SW-13DUA', '三洋(SANLUX)', '0.0048', 13, '13.0'),
('SW-13DV', '三洋(SANLUX)', '0.0048', 13, '13.0'),
('SW-13DV8', '三洋(SANLUX)', '0.0048', 13, '13.0'),
('SW-13DV9', '三洋(SANLUX)', '0.0048', 13, '13.0'),
('SW-13NS', '三洋(SANLUX)', '0.0082', 22, '13.0'),
('SW-13NS3', '三洋(SANLUX)', '0.0082', 22, '13.0'),
('SW-13UF3', '三洋(SANLUX)', '0.0102', 28, '13.0'),
('SW-13UF8', '三洋(SANLUX)', '0.0102', 28, '13.0'),
('SW-14DUA', '三洋(SANLUX)', '0.0047', 14, '14.0'),
('SW-14DV', '三洋(SANLUX)', '0.0047', 14, '14.0'),
('SW-14DV8', '三洋(SANLUX)', '0.0047', 14, '14.0'),
('SW-14NS', '三洋(SANLUX)', '0.0081', 24, '14.0'),
('SW-14NS3', '三洋(SANLUX)', '0.0081', 24, '14.0'),
('SW-14UF3', '三洋(SANLUX)', '0.0094', 27, '14.0'),
('SW-14UF8', '三洋(SANLUX)', '0.0094', 27, '14.0'),
('SW-15DU1', '三洋(SANLUX)', '0.0041', 13, '15.0'),
('SW-15DUA', '三洋(SANLUX)', '0.0041', 13, '15.0'),
('SW-15DV', '三洋(SANLUX)', '0.0041', 13, '15.0'),
('SW-15DV8', '三洋(SANLUX)', '0.0041', 13, '15.0'),
('SW-15DV9', '三洋(SANLUX)', '0.0041', 13, '15.0'),
('SW-15NS', '三洋(SANLUX)', '0.0080', 25, '15.0'),
('SW-15NS3', '三洋(SANLUX)', '0.0080', 25, '15.0'),
('SW-15UF3', '三洋(SANLUX)', '0.0097', 30, '15.0'),
('SW-15UF8', '三洋(SANLUX)', '0.0097', 30, '15.0'),
('SW-17DUA', '三洋(SANLUX)', '0.0040', 14, '17.0'),
('SW-17DV', '三洋(SANLUX)', '0.0040', 14, '17.0'),
('SW-17DVG', '三洋(SANLUX)', '0.0037', 13, '17.0'),
('SW-17DVGS', '三洋(SANLUX)', '0.0037', 13, '17.0'),
('SW-17NS3', '三洋(SANLUX)', '0.0078', 28, '17.0'),
('SW-928UT', '三洋(SANLUX)', '0.0097', 18, '9.0'),
('SW-928UT8', '三洋(SANLUX)', '0.0084', 16, '9.0'),
('TAW-A100DA', '大同(TATUNG)', '0.0088', 18, '10.0'),
('TAW-A105A', '大同(TATUNG)', '0.0101', 22, '10.5'),
('TAW-A120K', '大同(TATUNG)', '0.0094', 23, '12.0'),
('TAW-A125A', '大同(TATUNG)', '0.0099', 26, '12.5'),
('TAW-A130DA', '大同(TATUNG)', '0.0064', 17, '13.0'),
('TAW-A130DB', '大同(TATUNG)', '0.0074', 20, '13.0'),
('TAW-A130J', '大同(TATUNG)', '0.0097', 26, '13.0'),
('TAW-A140DB', '大同(TATUNG)', '0.0071', 21, '14.0'),
('TAW-A140DC', '大同(TATUNG)', '0.0092', 27, '14.0'),
('TAW-A150DA', '大同(TATUNG)', '0.0104', 32, '15.0'),
('TAW-A150DB', '大同(TATUNG)', '0.0068', 21, '15.0'),
('TAW-A150DC', '大同(TATUNG)', '0.0102', 32, '15.0'),
('TAW-A150DD', '大同(TATUNG)', '0.0085', 27, '15.0'),
('TAW-A150L', '大同(TATUNG)', '0.0086', 27, '15.0'),
('TAW-A160DB', '大同(TATUNG)', '0.0097', 32, '16.0'),
('TAW-A160DD', '大同(TATUNG)', '0.0086', 29, '16.0'),
('TAW-A170DVS', '大同(TATUNG)', '0.0040', 14, '17.0'),
('W0701FW', '東元(TECO)', '0.0099', 14, '7.0'),
('W0702FB', '東元(TECO)', '0.0099', 14, '7.0'),
('W1038FW', '東元(TECO)', '0.0101', 21, '10.0'),
('W1039FW', '東元(TECO)', '0.0103', 21, '10.0'),
('W1138FN', '東元(TECO)', '0.0096', 22, '11.0'),
('W1208UN', '東元(TECO)', '0.0101', 25, '12.0'),
('W1209UN', '東元(TECO)', '0.0101', 25, '12.0'),
('W1210FW', '東元(TECO)', '0.0072', 18, '12.0'),
('W1226FW', '東元(TECO)', '0.0070', 18, '12.0'),
('W1258FW', '東元(TECO)', '0.0101', 26, '12.0'),
('W1308UW', '東元(TECO)', '0.0097', 26, '13.0'),
('W1391XW', '東元(TECO)', '0.0077', 21, '13.0'),
('W1406TXN', '東元(TECO)', '0.0063', 18, '14.0'),
('W1417UW', '東元(TECO)', '0.0098', 29, '14.0'),
('W1480UN', '東元(TECO)', '0.0086', 25, '14.0'),
('W1488XS', '東元(TECO)', '0.0086', 25, '14.0'),
('W1491XW', '東元(TECO)', '0.0071', 21, '14.0'),
('W1506TXN', '東元(TECO)', '0.0047', 15, '15.0'),
('W1588XS', '東元(TECO)', '0.0084', 26, '15.0'),
('W1591XW', '東元(TECO)', '0.0077', 24, '15.0'),
('W1688XG', '東元(TECO)', '0.0079', 26, '16.0'),
('WA12J5750SP', '三星(SAMSUNG)', '0.0052', 13, '12.0'),
('WA13F7S9', '三星(SAMSUNG)', '0.0077', 21, '13.0'),
('WA13J5750SP', '三星(SAMSUNG)', '0.0052', 14, '13.0'),
('WA13J5750SV', '三星(SAMSUNG)', '0.0052', 14, '13.0'),
('WA14F7S7', '三星(SAMSUNG)', '0.0080', 23, '14.0'),
('WA14J6750SP', '三星(SAMSUNG)', '0.0073', 21, '14.0'),
('WA15F7S9', '三星(SAMSUNG)', '0.0069', 22, '15.0'),
('WA15J6750SP', '三星(SAMSUNG)', '0.0075', 23, '15.0'),
('WA15N6780CS', '三星(SAMSUNG)', '0.0077', 24, '15.0'),
('WA16F7S9', '三星(SAMSUNG)', '0.0066', 22, '16.0'),
('WA16J6750SP', '三星(SAMSUNG)', '0.0066', 22, '16.0'),
('WA16J6750SV', '三星(SAMSUNG)', '0.0066', 22, '16.0'),
('WA16N6780CS', '三星(SAMSUNG)', '0.0062', 21, '16.0'),
('WA16N6780CV', '三星(SAMSUNG)', '0.0062', 21, '16.0'),
('WA17J7700GP', '三星(SAMSUNG)', '0.0102', 36, '17.0'),
('WA17M8100GV', '三星(SAMSUNG)', '0.0091', 32, '17.0'),
('WA17M8700GV', '三星(SAMSUNG)', '0.0091', 32, '17.0'),
('WA21J7700GP', '三星(SAMSUNG)', '0.0095', 41, '21.0'),
('WD-S12GV', '樂金(LG)', '0.0084', 21, '12.0'),
('WD-S12GW', '樂金(LG)', '0.0084', 21, '12.0'),
('WD-S16VBD', '樂金(LG)', '0.0081', 27, '16.0'),
('WD-S17NBW', '樂金(LG)', '0.0088', 31, '17.0'),
('WD-S17NRW', '樂金(LG)', '0.0088', 31, '17.0'),
('WD-S18VBW', '樂金(LG)', '0.0077', 29, '18.0'),
('WD-S18VCD', '樂金(LG)', '0.0073', 27, '18.0'),
('WD-S19TVC', '樂金(LG)', '0.0083', 33, '19.0'),
('WD-S19TVD', '樂金(LG)', '0.0085', 34, '19.0'),
('WD-S21TVC', '樂金(LG)', '0.0080', 35, '21.0'),
('WD13GW', '惠而浦(WHIRLPOOL)', '0.0076', 21, '13.0'),
('WD15GW', '惠而浦(WHIRLPOOL)', '0.0089', 28, '15.0'),
('WD19J9810KP', '三星(SAMSUNG)', '0.0082', 32, '19.0'),
('WEC06HW', '惠而浦(WHIRLPOOL)', '0.0097', 12, '6.0'),
('WF-109G', '樂金(LG)', '0.0096', 20, '10.0'),
('WF-109MG', '樂金(LG)', '0.0083', 17, '10.0'),
('WF-114WG', '樂金(LG)', '0.0093', 21, '11.0'),
('WF-116WG', '樂金(LG)', '0.0086', 20, '11.0'),
('WF-129SG', '樂金(LG)', '0.0092', 23, '12.0'),
('WF-145WG', '樂金(LG)', '0.0079', 23, '14.0'),
('WF-154SG', '樂金(LG)', '0.0080', 25, '15.0'),
('WF-155WG', '樂金(LG)', '0.0077', 24, '15.0'),
('WF-159RG', '樂金(LG)', '0.0070', 22, '15.0'),
('WF19J9800KP', '三星(SAMSUNG)', '0.0076', 30, '19.0'),
('WFW75HEFW', '惠而浦(WHIRLPOOL)', '0.0078', 24, '15.0'),
('WFW85HEFW', '惠而浦(WHIRLPOOL)', '0.0082', 26, '15.0'),
('WFW92HEFW', '惠而浦(WHIRLPOOL)', '0.0077', 24, '15.0'),
('WM07GN', '惠而浦(WHIRLPOOL)', '0.0087', 13, '7.0'),
('WM10GN', '惠而浦(WHIRLPOOL)', '0.0091', 19, '10.0'),
('WM12GN', '惠而浦(WHIRLPOOL)', '0.0092', 23, '12.0'),
('WM16GN', '惠而浦(WHIRLPOOL)', '0.0077', 26, '16.0'),
('WS-P1388S', '奇美(CHIMEI)', '0.0091', 25, '13.0'),
('WS-P14VS1', '奇美(CHIMEI)', '0.0036', 10, '14.0'),
('WS-P1588S', '奇美(CHIMEI)', '0.0073', 23, '15.0'),
('WS-P16VS1', '奇美(CHIMEI)', '0.0038', 13, '16.0'),
('WS-P16VS8', '奇美(CHIMEI)', '0.0037', 12, '16.0'),
('WT-D112WG', '樂金(LG)', '0.0080', 18, '11.0'),
('WT-D115MG', '樂金(LG)', '0.0090', 21, '11.0'),
('WT-D122SG', '樂金(LG)', '0.0073', 18, '12.0'),
('WT-D125SG', '樂金(LG)', '0.0082', 20, '12.0'),
('WT-D135SG', '樂金(LG)', '0.0072', 19, '13.0'),
('WT-D135VG', '樂金(LG)', '0.0072', 19, '13.0'),
('WT-D145SG', '樂金(LG)', '0.0078', 23, '14.0'),
('WT-D146SG', '樂金(LG)', '0.0091', 26, '14.0'),
('WT-D147MG', '樂金(LG)', '0.0091', 26, '14.0'),
('WT-D155SG', '樂金(LG)', '0.0081', 25, '15.0'),
('WT-D156SG', '樂金(LG)', '0.0098', 31, '15.0'),
('WT-D156VG', '樂金(LG)', '0.0098', 31, '15.0'),
('WT-D160MG', '樂金(LG)', '0.0097', 32, '16.0'),
('WT-D165VG', '樂金(LG)', '0.0078', 26, '16.0'),
('WT-D165WG', '樂金(LG)', '0.0078', 26, '16.0'),
('WT-D166VG', '樂金(LG)', '0.0093', 31, '16.0'),
('WT-D166WG', '樂金(LG)', '0.0093', 31, '16.0'),
('WT-D175RG', '樂金(LG)', '0.0089', 31, '17.0'),
('WT-D175SG', '樂金(LG)', '0.0089', 31, '17.0'),
('WT-D175VG', '樂金(LG)', '0.0089', 31, '17.0'),
('WT-D176RG', '樂金(LG)', '0.0095', 34, '17.0'),
('WT-D176SG', '樂金(LG)', '0.0095', 34, '17.0'),
('WT-D176VG', '樂金(LG)', '0.0095', 34, '17.0'),
('WT-D178GV', '樂金(LG)', '0.0095', 34, '17.0'),
('WT-ID107WG', '樂金(LG)', '0.0089', 19, '10.0'),
('WT-ID108WG', '樂金(LG)', '0.0058', 12, '10.0'),
('WT-ID117MG', '樂金(LG)', '0.0087', 20, '10.0'),
('WT-ID118MG', '樂金(LG)', '0.0056', 13, '11.0'),
('WT-ID137SG', '樂金(LG)', '0.0048', 13, '13.0'),
('WT-ID137WG', '樂金(LG)', '0.0048', 13, '13.0'),
('WT-ID147SG', '樂金(LG)', '0.0038', 11, '14.0'),
('WT-ID157SG', '樂金(LG)', '0.0043', 13, '15.0'),
('WT-SD117HSG', '樂金(LG)', '0.0083', 19, '11.0'),
('WT-SD117HSG/02', '樂金(LG)', '0.0083', 19, '11.0'),
('WT-SD126HSG', '樂金(LG)', '0.0098', 24, '12.0'),
('WT-SD126HSG/02', '樂金(LG)', '0.0098', 24, '12.0'),
('WT-SD126HVG', '樂金(LG)', '0.0098', 24, '12.0'),
('WT-SD126HVG/02', '樂金(LG)', '0.0098', 24, '12.0'),
('WT-SD126HWG', '樂金(LG)', '0.0098', 24, '12.0'),
('WT-SD126HWG/02', '樂金(LG)', '0.0098', 24, '12.0'),
('WT-SD153HVG', '樂金(LG)', '0.0062', 19, '15.0'),
('WT-SD166HVG', '樂金(LG)', '0.0038', 13, '16.0'),
('WT-SD173HVG', '樂金(LG)', '0.0062', 22, '17.0'),
('WT-SD176HVG', '樂金(LG)', '0.0036', 13, '17.0'),
('WT-SD193HVG', '樂金(LG)', '0.0066', 26, '19.0'),
('WT-SD196HVG', '樂金(LG)', '0.0070', 28, '19.0'),
('WT-SD218HBG', '樂金(LG)', '0.0042', 18, '21.0'),
('WTWA13ED', '惠而浦(WHIRLPOOL)', '0.0094', 25, '13.0'),
('WTWA14ED', '惠而浦(WHIRLPOOL)', '0.0092', 27, '14.0'),
('WTWA15ED', '惠而浦(WHIRLPOOL)', '0.0102', 32, '15.0'),
('WV10AN', '惠而浦(WHIRLPOOL)', '0.0091', 19, '10.0'),
('WV12AD', '惠而浦(WHIRLPOOL)', '0.0064', 16, '12.0'),
('WV15AD', '惠而浦(WHIRLPOOL)', '0.0066', 21, '15.0'),
('WV15AN', '惠而浦(WHIRLPOOL)', '0.0097', 30, '15.0'),
('WV16AD', '惠而浦(WHIRLPOOL)', '0.0069', 23, '16.0'),
('WV16ADG', '惠而浦(WHIRLPOOL)', '0.0069', 23, '16.0'),
('ZFNE9BSP113FN01', '美泰克(MAYTAG)', '0.0089', 22, '12.0'),
('ZFNE9BSP113FW01', '美泰克(MAYTAG)', '0.0089', 22, '12.0');

-- --------------------------------------------------------

--
-- 資料表結構 `冷氣`
--

CREATE TABLE `冷氣` (
  `產品型號` varchar(41) NOT NULL,
  `商標名稱` varchar(15) DEFAULT NULL,
  `能源效率` decimal(3,2) DEFAULT NULL,
  `年耗電量` int(4) DEFAULT NULL,
  `冷氣能力` decimal(3,1) DEFAULT NULL
) ENGINE=InnoDB DEFAULT CHARSET=utf8;

--
-- 資料表的匯出資料 `冷氣`
--

INSERT INTO `冷氣` (`產品型號`, `商標名稱`, `能源效率`, `年耗電量`, `冷氣能力`) VALUES
('ACD-20AMH/APD-201MH', '阿瑪迪斯(AMADUS)', '5.98', 457, '2.3'),
('ACD-25AMH/APD-251MH', '阿瑪迪斯(AMADUS)', '6.06', 549, '2.8'),
('ACD-32AMH/APD-321MH', '阿瑪迪斯(AMADUS)', '5.95', 719, '3.6'),
('ACD-36AMH/APD-361MH', '阿瑪迪斯(AMADUS)', '5.44', 895, '4.1'),
('ACD-45AMH/APD-451MH', '阿瑪迪斯(AMADUS)', '5.33', 1114, '4.9'),
('ACD-56AMH/APD-561MH', '阿瑪迪斯(AMADUS)', '5.33', 1404, '6.2'),
('ACD-63AMH/APD-631MH', '阿瑪迪斯(AMADUS)', '5.11', 1674, '7.1'),
('ACD-75A2MH/APD-752MH', '阿瑪迪斯(AMADUS)', '5.18', 1950, '8.4'),
('ACU-28TVR/AFC-100TVR', '艾普頓(APTON)', '5.93', 561, '2.8'),
('ACU-36TVR/AFC-120TVR', '艾普頓(APTON)', '5.93', 721, '3.6'),
('ACU-42TVR/AFC-150TVR', '艾普頓(APTON)', '5.33', 914, '4.1'),
('ACU-51TVR/AFC-180TVR', '艾普頓(APTON)', '5.33', 1114, '4.9'),
('ACU-65TVR/AFC-220TVR', '艾普頓(APTON)', '5.33', 1449, '6.4'),
('ACU-73TVR/AFC-250TVR', '艾普頓(APTON)', '5.11', 1720, '7.3'),
('ACU-85TVR/AFC-300TVR', '艾普頓(APTON)', '5.11', 1976, '8.4'),
('ACV-028AF-C/ASV-028AF-C', '台光電(ATR)', '6.06', 549, '2.8'),
('ACV-028AFH-C/ASV-028AFH-C', '台光電(ATR)', '6.06', 549, '2.8'),
('ACV-036AF/ASV-036AF', '台光電(ATR)', '5.95', 719, '3.6'),
('ACV-036AFH/ASV-036AFH', '台光電(ATR)', '5.95', 719, '3.6'),
('ACV-041AF/ASV-041AF', '台光電(ATR)', '5.44', 895, '4.1'),
('ACV-041AFH/ASV-041AFH', '台光電(ATR)', '5.44', 895, '4.1'),
('ACV-050AF/ASV-050AF', '台光電(ATR)', '5.33', 1114, '4.9'),
('ACV-050AFH/ASV-050AFH', '台光電(ATR)', '5.33', 1114, '4.9'),
('ACV-063AF/ASV-063AF', '台光電(ATR)', '5.33', 1404, '6.2'),
('ACV-063AFH/ASV-063AFH', '台光電(ATR)', '5.33', 1404, '6.2'),
('ACV-072AF/ASV-072AF', '台光電(ATR)', '5.11', 1674, '7.1'),
('ACV-072AFH/ASV-072AFH', '台光電(ATR)', '5.11', 1674, '7.1'),
('AM-PC22D/AU-PC22D', '聲寶(SAMPO)', '5.93', 440, '2.2'),
('AM-PC22D1/AU-PC22D1', '聲寶(SAMPO)', '5.93', 440, '2.2'),
('AM-PC22DC/AU-PC22DC', '聲寶(SAMPO)', '5.93', 440, '2.2'),
('AM-PC22DC1/AU-PC22DC1', '聲寶(SAMPO)', '5.93', 440, '2.2'),
('AM-PC28D/AU-PC28D', '聲寶(SAMPO)', '5.93', 561, '2.8'),
('AM-PC28D1/AU-PC28D1', '聲寶(SAMPO)', '5.93', 561, '2.8'),
('AM-PC28DC/AU-PC28DC', '聲寶(SAMPO)', '5.93', 561, '2.8'),
('AM-PC28DC1/AU-PC28DC1', '聲寶(SAMPO)', '5.93', 561, '2.8'),
('AM-PC36D/AU-PC36D', '聲寶(SAMPO)', '5.93', 721, '3.6'),
('AM-PC36D1/AU-PC36D1', '聲寶(SAMPO)', '5.93', 721, '3.6'),
('AM-PC36DC/AU-PC36DC', '聲寶(SAMPO)', '5.93', 721, '3.6'),
('AM-PC36DC1/AU-PC36DC1', '聲寶(SAMPO)', '5.93', 721, '3.6'),
('AM-PC41D/AU-PC41D', '聲寶(SAMPO)', '5.33', 914, '4.1'),
('AM-PC41D1/AU-PC41D1', '聲寶(SAMPO)', '5.33', 914, '4.1'),
('AM-PC41DC/AU-PC41DC', '聲寶(SAMPO)', '5.33', 914, '4.1'),
('AM-PC41DC1/AU-PC41DC1', '聲寶(SAMPO)', '5.33', 914, '4.1'),
('AM-PC50D/AU-PC50D', '聲寶(SAMPO)', '5.33', 1114, '4.9'),
('AM-PC50D1/AU-PC50D1', '聲寶(SAMPO)', '5.33', 1114, '4.9'),
('AM-PC50DC/AU-PC50DC', '聲寶(SAMPO)', '5.33', 1114, '4.9'),
('AM-PC50DC1/AU-PC50DC1', '聲寶(SAMPO)', '5.33', 1114, '4.9'),
('AM-PC63D/AU-PC63D', '聲寶(SAMPO)', '5.33', 1404, '6.2'),
('AM-PC63D1/AU-PC63D1', '聲寶(SAMPO)', '5.33', 1404, '6.2'),
('AM-PC63DC/AU-PC63DC', '聲寶(SAMPO)', '5.33', 1404, '6.2'),
('AM-PC63DC1/AU-PC63DC1', '聲寶(SAMPO)', '5.33', 1404, '6.2'),
('AM-PC72D/AU-PC72D', '聲寶(SAMPO)', '5.11', 1674, '7.1'),
('AM-PC72D1/AU-PC72D1', '聲寶(SAMPO)', '5.11', 1674, '7.1'),
('AM-PC72DC/AU-PC72DC', '聲寶(SAMPO)', '5.11', 1674, '7.1'),
('AM-PC72DC1/AU-PC72DC1', '聲寶(SAMPO)', '5.11', 1674, '7.1'),
('AM-PC80D/AU-PC80D', '聲寶(SAMPO)', '5.11', 1860, '7.9'),
('AM-PC80D1/AU-PC80D1', '聲寶(SAMPO)', '5.11', 1860, '7.9'),
('AM-PC80DC/AU-PC80DC', '聲寶(SAMPO)', '5.11', 1860, '7.9'),
('AM-PC80DC1/AU-PC80DC1', '聲寶(SAMPO)', '5.11', 1860, '7.9'),
('AM-QC22D/AU-QC22D', '聲寶(SAMPO)', '5.93', 440, '2.2'),
('AM-QC22DC/AU-QC22DC', '聲寶(SAMPO)', '5.93', 440, '2.2'),
('AM-QC28D/AU-QC28D', '聲寶(SAMPO)', '5.93', 561, '2.8'),
('AM-QC28DC/AU-QC28DC', '聲寶(SAMPO)', '5.93', 561, '2.8'),
('AM-QC36D/AU-QC36D', '聲寶(SAMPO)', '5.93', 721, '3.6'),
('AM-QC36DC/AU-QC36DC', '聲寶(SAMPO)', '5.93', 721, '3.6'),
('AM-QC41D/AU-QC41D', '聲寶(SAMPO)', '5.33', 914, '4.1'),
('AM-QC41DC/AU-QC41DC', '聲寶(SAMPO)', '5.33', 914, '4.1'),
('AM-QC50D/AU-QC50D', '聲寶(SAMPO)', '5.66', 1049, '4.9'),
('AM-QC50DC/AU-QC50DC', '聲寶(SAMPO)', '5.66', 1049, '4.9'),
('AM-QC72D/AU-QC72D', '聲寶(SAMPO)', '5.11', 1674, '7.1'),
('AM-QC72DC/AU-QC72DC', '聲寶(SAMPO)', '5.11', 1674, '7.1'),
('AM-QC80D/AU-QC80D', '聲寶(SAMPO)', '5.11', 1953, '8.3'),
('AM-QC80DC/AU-QC80DC', '聲寶(SAMPO)', '5.11', 1953, '8.3'),
('ASCA50LXTA/AOCA50LXTA', '富士通(FUJITSU)', '5.55', 984, '4.6'),
('ASCG022CMTA/AOCG022CMTA', '富士通(FUJITSU)', '6.33', 413, '2.2'),
('ASCG022JLTB/AOCG022JLTB', '富士通(FUJITSU)', '5.97', 437, '2.2'),
('ASCG022KMTA/AOCG022KMTA', '富士通(FUJITSU)', '6.33', 413, '2.2'),
('ASCG022LLTB/AOCG022LLTB', '富士通(FUJITSU)', '5.97', 437, '2.2'),
('ASCG028CMTA/AOCG028CMTA', '富士通(FUJITSU)', '5.96', 558, '2.8'),
('ASCG028KMTA/AOCG028KMTA', '富士通(FUJITSU)', '5.96', 558, '2.8'),
('ASCG036CMTA/AOCG036CMTA', '富士通(FUJITSU)', '5.95', 719, '3.6'),
('ASCG036JLTB/AOCG036JLTB', '富士通(FUJITSU)', '5.94', 720, '3.6'),
('ASCG036KMTA/AOCG036KMTA', '富士通(FUJITSU)', '5.95', 719, '3.6'),
('ASCG036LLTB/AOCG036LLTB', '富士通(FUJITSU)', '5.94', 720, '3.6'),
('ASCG040CMTA/AOCG040CMTA', '富士通(FUJITSU)', '6.13', 794, '4.1'),
('ASCG040JLTB/AOCG040JLTB', '富士通(FUJITSU)', '5.51', 884, '4.1'),
('ASCG040KMTA/AOCG040KMTA', '富士通(FUJITSU)', '6.13', 794, '4.1'),
('ASCG040LLTB/AOCG040LLTB', '富士通(FUJITSU)', '5.51', 884, '4.1'),
('ASCG050CMTA/AOCG050CMTA', '富士通(FUJITSU)', '5.87', 1012, '5.0'),
('ASCG050KMTA/AOCG050KMTA', '富士通(FUJITSU)', '5.87', 1012, '5.0'),
('ASCG063CMTA/AOCG063CMTA', '富士通(FUJITSU)', '5.44', 1376, '6.2'),
('ASCG063KMTA/AOCG063KMTA', '富士通(FUJITSU)', '5.44', 1376, '6.2'),
('ASCG071CMTA/AOCG071CMTA', '富士通(FUJITSU)', '5.12', 1671, '7.1'),
('ASCG071KMTA/AOCG071KMTA', '富士通(FUJITSU)', '5.12', 1671, '7.1'),
('ATO-FT20DCB/ATI-FT20DCB', '惠而浦(WHIRLPOOL)', '6.20', 421, '2.2'),
('ATO-FT25DCB/ATI-FT25DCB', '惠而浦(WHIRLPOOL)', '6.09', 546, '2.8'),
('ATO-FT32DCB/ATI-FT32DCB', '惠而浦(WHIRLPOOL)', '5.96', 717, '3.6'),
('ATO-FT36DCB/ATI-FT36DCB', '惠而浦(WHIRLPOOL)', '5.74', 869, '4.2'),
('ATO-FT45DCB/ATI-FT45DCB', '惠而浦(WHIRLPOOL)', '5.85', 1015, '4.9'),
('ATO-FT56DCB/ATI-FT56DCB', '惠而浦(WHIRLPOOL)', '5.43', 1378, '6.2'),
('ATO-FT63DCB/ATI-FT63DCB', '惠而浦(WHIRLPOOL)', '5.18', 1651, '7.1'),
('AU-QC110D/AM-QC110D', '聲寶(SAMPO)', '5.08', 2573, '10.9'),
('AU-QC93D/AM-QC93D', '聲寶(SAMPO)', '5.15', 2076, '8.9'),
('AUV-28F-C /AMV-28F-C', '詮寶(CHENBO)', '6.06', 549, '2.8'),
('AUV-28HF-C/AMV-28HF-C', '詮寶(CHENBO)', '6.06', 549, '2.8'),
('AUV-36F /AMV-36F', '詮寶(CHENBO)', '5.95', 719, '3.6'),
('AUV-36HF /AMV-36HF', '詮寶(CHENBO) ', '5.95', 719, '3.6'),
('AUV-41F /AMV-41F', '詮寶(CHENBO)', '5.44', 895, '4.1'),
('AUV-41HF /AMV-41HF', '詮寶(CHENBO)', '5.44', 895, '4.1'),
('AUV-50F /AMV-50F', '詮寶(CHENBO)', '5.33', 1114, '4.9'),
('AUV-50HF /AMV-50HF', '詮寶(CHENBO)', '5.33', 1114, '4.9'),
('AUV-63F /AMV-63F', '詮寶(CHENBO)', '5.33', 1404, '6.2'),
('AUV-63HF /AMV-63HF', '詮寶(CHENBO)', '5.33', 1404, '6.2'),
('AUV-72F /AMV-72F', '詮寶(CHENBO)', '5.11', 1674, '7.1'),
('AUV-72HF /AMV-72HF', '詮寶(CHENBO)', '5.11', 1674, '7.1'),
('CRC-40KWE/CRS-40KWE', '日立(HITACHI)', '5.70', 854, '4.1'),
('CRC-80QWE/CRS-80QWE', '日立(HITACHI)', '5.52', 1722, '7.9'),
('CRC-90QWE/CRS-90QWE', '日立(HITACHI)', '5.39', 1896, '8.5'),
('CS-110BJ/CU-110BC', '國際(PANASONIC)', '5.35', 2443, '10.9'),
('CS-110BJ/CU-110BH', '國際(PANASONIC)', '5.35', 2443, '10.9'),
('CS-22BJ/CU-22BC', '國際(PANASONIC)', '7.10', 368, '2.2'),
('CS-22BJ/CU-22BH', '國際(PANASONIC)', '7.10', 368, '2.2'),
('CS-28BJ/CU-28BC', '國際(PANASONIC)', '6.77', 491, '2.8'),
('CS-28BJ/CU-28BH', '國際(PANASONIC)', '6.77', 491, '2.8'),
('CS-36BJ/CU-36BC', '國際(PANASONIC)', '6.66', 642, '3.6'),
('CS-36BJ/CU-36BH', '國際(PANASONIC)', '6.66', 642, '3.6'),
('CS-40BJ/CU-40BC', '國際(PANASONIC)', '6.60', 738, '4.1'),
('CS-40BJ/CU-40BH', '國際(PANASONIC)', '6.60', 738, '4.1'),
('CS-50BJ/CU-50BC', '國際(PANASONIC)', '6.44', 922, '4.9'),
('CS-50BJ/CU-50BH', '國際(PANASONIC)', '6.44', 922, '4.9'),
('CS-63BJ/CU-63BC', '國際(PANASONIC)', '6.11', 1225, '6.2'),
('CS-63BJ/CU-63BH', '國際(PANASONIC)', '6.11', 1225, '6.2'),
('CS-71BJ/CU-71BC', '國際(PANASONIC)', '6.00', 1426, '7.1'),
('CS-71BJ/CU-71BH', '國際(PANASONIC)', '6.00', 1426, '7.1'),
('CS-80BJ/CU-80BC', '國際(PANASONIC)', '5.67', 1676, '7.9'),
('CS-80BJ/CU-80BH', '國際(PANASONIC)', '5.67', 1676, '7.9'),
('CS-90BJ/CU-90BC', '國際(PANASONIC)', '5.62', 1797, '8.4'),
('CS-90BJ/CU-90BH', '國際(PANASONIC)', '5.62', 1797, '8.4'),
('CS-K22BA2/CU-K22BCA2', '國際(PANASONIC)', '7.10', 368, '2.2'),
('CS-K22YA2/CU-K22YCA2', '國際(PANASONIC)', '6.40', 408, '2.2'),
('CS-K28BA2/CU-K28BCA2', '國際(PANASONIC)', '6.77', 491, '2.8'),
('CS-K28YA2/CU-K28YCA2', '國際(PANASONIC)', '6.10', 545, '2.8'),
('CS-K36BA2/CU-K36BCA2', '國際(PANASONIC)', '6.66', 642, '3.6'),
('CS-K36YA2/CU-K36YCA2', '國際(PANASONIC)', '6.00', 713, '3.6'),
('CS-K40BA2/CU-K40BCA2', '國際(PANASONIC)', '6.60', 738, '4.1'),
('CS-K40YA2/CU-K40YCA2', '國際(PANASONIC)', '6.00', 812, '4.1'),
('CS-K50BA2/CU-K50BCA2', '國際(PANASONIC)', '6.44', 922, '4.9'),
('CS-K50YA2/CU-K50YCA2', '國際(PANASONIC)', '5.80', 1024, '4.9'),
('CS-K63BA2/CU-K63BCA2', '國際(PANASONIC)', '6.11', 1225, '6.2'),
('CS-K63YA2/CU-K63YCA2', '國際(PANASONIC)', '5.50', 1361, '6.2'),
('CS-K71BA2/CU-K71BCA2', '國際(PANASONIC)', '6.00', 1426, '7.1'),
('CS-K71YA2/CU-K71YCA2', '國際(PANASONIC)', '5.40', 1584, '7.1'),
('CS-K80BA2/CU-K80BCA2', '國際(PANASONIC)', '5.67', 1676, '7.9'),
('CS-K90BA2/CU-K90BCA2', '國際(PANASONIC)', '5.62', 1797, '8.4'),
('CS-LJ22BA2/CU-LJ22BCA2', '國際(PANASONIC)', '7.10', 368, '2.2'),
('CS-LJ22BA2/CU-LJ22BHA2', '國際(PANASONIC)', '7.10', 368, '2.2'),
('CS-LJ22YA2/CU-LJ22YCA2', '國際(PANASONIC)', '6.40', 408, '2.2'),
('CS-LJ22YA2/CU-LJ22YHA2', '國際(PANASONIC)', '6.40', 408, '2.2'),
('CS-LJ28BA2/CU-LJ28BCA2', '國際(PANASONIC)', '6.77', 491, '2.8'),
('CS-LJ28BA2/CU-LJ28BHA2', '國際(PANASONIC)', '6.77', 491, '2.8'),
('CS-LJ28YA2/CU-LJ28YCA2', '國際(PANASONIC)', '6.10', 545, '2.8'),
('CS-LJ28YA2/CU-LJ28YHA2', '國際(PANASONIC)', '6.10', 545, '2.8'),
('CS-LJ36BA2/CU-LJ36BCA2', '國際(PANASONIC)', '6.66', 642, '3.6'),
('CS-LJ36BA2/CU-LJ36BHA2', '國際(PANASONIC)', '6.66', 642, '3.6'),
('CS-LJ36YA2/CU-LJ36YCA2', '國際(PANASONIC)', '6.00', 713, '3.6'),
('CS-LJ36YA2/CU-LJ36YHA2', '國際(PANASONIC)', '6.00', 713, '3.6'),
('CS-LJ40BA2/CU-LJ40BCA2', '國際(PANASONIC)', '6.60', 738, '4.1'),
('CS-LJ40BA2/CU-LJ40BHA2', '國際(PANASONIC)', '6.60', 738, '4.1'),
('CS-LJ40YA2/CU-LJ40YCA2', '國際(PANASONIC)', '6.00', 812, '4.1'),
('CS-LJ40YA2/CU-LJ40YHA2', '國際(PANASONIC)', '6.00', 812, '4.1'),
('CS-LJ50BA2/CU-LJ50BCA2', '國際(PANASONIC)', '6.44', 922, '4.9'),
('CS-LJ50BA2/CU-LJ50BHA2', '國際(PANASONIC)', '6.44', 922, '4.9'),
('CS-LJ50YA2/CU-LJ50YCA2', '國際(PANASONIC)', '5.80', 1024, '4.9'),
('CS-LJ50YA2/CU-LJ50YHA2', '國際(PANASONIC)', '5.80', 1024, '4.9'),
('CS-LJ63BA2/CU-LJ63BCA2', '國際(PANASONIC)', '6.11', 1225, '6.2'),
('CS-LJ63BA2/CU-LJ63BHA2', '國際(PANASONIC)', '6.11', 1225, '6.2'),
('CS-LJ63YA2/CU-LJ63YCA2', '國際(PANASONIC)', '5.50', 1361, '6.2'),
('CS-LJ63YA2/CU-LJ63YHA2', '國際(PANASONIC)', '5.50', 1361, '6.2'),
('CS-LJ71BA2/CU-LJ71BCA2', '國際(PANASONIC)', '6.00', 1426, '7.1'),
('CS-LJ71BA2/CU-LJ71BHA2', '國際(PANASONIC)', '6.00', 1426, '7.1'),
('CS-LJ71YA2/CU-LJ71YCA2', '國際(PANASONIC)', '5.40', 1584, '7.1'),
('CS-LJ71YA2/CU-LJ71YHA2', '國際(PANASONIC)', '5.40', 1584, '7.1'),
('CS-LJ80BA2/CU-LJ80BCA2', '國際(PANASONIC)', '5.67', 1676, '7.9'),
('CS-LJ80BA2/CU-LJ80BHA2', '國際(PANASONIC)', '5.67', 1676, '7.9'),
('CS-LJ80YA2/CU-LJ80YCA2', '國際(PANASONIC)', '5.11', 1860, '7.9'),
('CS-LJ80YA2/CU-LJ80YHA2', '國際(PANASONIC)', '5.11', 1860, '7.9'),
('CS-LJ90BA2/CU-LJ90BCA2', '國際(PANASONIC)', '5.62', 1797, '8.4'),
('CS-LJ90BA2/CU-LJ90BHA2', '國際(PANASONIC)', '5.62', 1797, '8.4'),
('CS-LJ90YA2/CU-LJ90YCA2', '國際(PANASONIC)', '5.11', 1976, '8.4'),
('CS-LJ90YA2/CU-LJ90YHA2', '國際(PANASONIC)', '5.11', 1976, '8.4'),
('CS-LX110A2/CU-LX110CA2', '國際(PANASONIC)', '5.03', 2598, '10.9'),
('CS-LX110A2/CU-LX110HA2', '國際(PANASONIC)', '5.03', 2598, '10.9'),
('CS-LX110BA2/CU-LX110BCA2', '國際(PANASONIC)', '5.46', 2394, '10.9'),
('CS-LX110BA2/CU-LX110BHA2', '國際(PANASONIC)', '5.46', 2394, '10.9'),
('CS-LX110YA2/CU-LX110YCA2', '國際(PANASONIC)', '5.20', 2513, '10.9'),
('CS-LX110YA2/CU-LX110YHA2', '國際(PANASONIC)', '5.20', 2513, '10.9'),
('CS-LX22A2/CU-LX22CA2', '國際(PANASONIC)', '5.94', 440, '2.2'),
('CS-LX22A2/CU-LX22HA2', '國際(PANASONIC)', '5.94', 440, '2.2'),
('CS-LX22BA2/CU-LX22BCA2', '國際(PANASONIC)', '7.33', 356, '2.2'),
('CS-LX22BA2/CU-LX22BHA2', '國際(PANASONIC)', '7.33', 356, '2.2'),
('CS-LX22YA2/CU-LX22YCA2', '國際(PANASONIC)', '6.60', 396, '2.2'),
('CS-LX22YA2/CU-LX22YHA2', '國際(PANASONIC)', '6.60', 396, '2.2'),
('CS-LX28A2/CU-LX28CA2', '國際(PANASONIC)', '5.94', 560, '2.8'),
('CS-LX28A2/CU-LX28HA2', '國際(PANASONIC)', '5.94', 560, '2.8'),
('CS-LX28BA2/CU-LX28BCA2', '國際(PANASONIC)', '7.00', 475, '2.8'),
('CS-LX28BA2/CU-LX28BHA2', '國際(PANASONIC)', '7.00', 475, '2.8'),
('CS-LX28YA2/CU-LX28YCA2', '國際(PANASONIC)', '6.30', 528, '2.8'),
('CS-LX28YA2/CU-LX28YHA2', '國際(PANASONIC)', '6.30', 528, '2.8'),
('CS-LX36A2/CU-LX36CA2', '國際(PANASONIC)', '5.93', 721, '3.6'),
('CS-LX36A2/CU-LX36HA2', '國際(PANASONIC)', '5.93', 721, '3.6'),
('CS-LX36BA2/CU-LX36BCA2', '國際(PANASONIC)', '7.00', 611, '3.6'),
('CS-LX36BA2/CU-LX36BHA2', '國際(PANASONIC)', '7.00', 611, '3.6'),
('CS-LX36YA2/CU-LX36YCA2', '國際(PANASONIC)', '6.30', 679, '3.6'),
('CS-LX36YA2/CU-LX36YHA2', '國際(PANASONIC)', '6.30', 679, '3.6'),
('CS-LX40A2/CU-LX40CA2', '國際(PANASONIC)', '5.33', 914, '4.1'),
('CS-LX40A2/CU-LX40HA2', '國際(PANASONIC)', '5.33', 914, '4.1'),
('CS-LX40BA2/CU-LX40BCA2', '國際(PANASONIC)', '6.93', 703, '4.1'),
('CS-LX40BA2/CU-LX40BHA2', '國際(PANASONIC)', '6.93', 703, '4.1'),
('CS-LX40YA2/CU-LX40YCA2', '國際(PANASONIC)', '6.30', 773, '4.1'),
('CS-LX40YA2/CU-LX40YHA2', '國際(PANASONIC)', '6.30', 773, '4.1'),
('CS-LX50A2/CU-LX50CA2', '國際(PANASONIC)', '5.33', 1114, '4.9'),
('CS-LX50A2/CU-LX50HA2', '國際(PANASONIC)', '5.33', 1114, '4.9'),
('CS-LX50BA2/CU-LX50BCA2', '國際(PANASONIC)', '6.77', 877, '4.9'),
('CS-LX50BA2/CU-LX50BHA2', '國際(PANASONIC)', '6.77', 877, '4.9'),
('CS-LX50YA2/CU-LX50YCA2', '國際(PANASONIC)', '6.10', 974, '5.0'),
('CS-LX50YA2/CU-LX50YHA2', '國際(PANASONIC)', '6.10', 974, '5.0'),
('CS-LX63A2/CU-LX63CA2', '國際(PANASONIC)', '5.33', 1404, '6.2'),
('CS-LX63A2/CU-LX63HA2', '國際(PANASONIC)', '5.33', 1404, '6.2'),
('CS-LX63BA2/CU-LX63BCA2', '國際(PANASONIC)', '6.22', 1203, '6.2'),
('CS-LX63BA2/CU-LX63BHA2', '國際(PANASONIC)', '6.22', 1203, '6.2'),
('CS-LX63YA2/CU-LX63YCA2', '國際(PANASONIC)', '5.60', 1336, '6.2'),
('CS-LX63YA2/CU-LX63YHA2', '國際(PANASONIC)', '5.60', 1336, '6.2'),
('CS-LX71A2/CU-LX71CA2', '國際(PANASONIC)', '5.11', 1674, '7.1'),
('CS-LX71A2/CU-LX71HA2', '國際(PANASONIC)', '5.11', 1674, '7.1'),
('CS-LX71BA2/CU-LX71BCA2', '國際(PANASONIC)', '6.22', 1375, '7.1'),
('CS-LX71BA2/CU-LX71BHA2', '國際(PANASONIC)', '6.22', 1375, '7.1'),
('CS-LX71YA2/CU-LX71YCA2', '國際(PANASONIC)', '5.60', 1527, '7.1'),
('CS-LX71YA2/CU-LX71YHA2', '國際(PANASONIC)', '5.60', 1527, '7.1'),
('CS-LX80A2/CU-LX80CA2', '國際(PANASONIC)', '5.11', 1860, '7.9'),
('CS-LX80A2/CU-LX80HA2', '國際(PANASONIC)', '5.11', 1860, '7.9'),
('CS-LX80BA2/CU-LX80BCA2', '國際(PANASONIC)', '5.77', 1647, '7.9'),
('CS-LX80BA2/CU-LX80BHA2', '國際(PANASONIC)', '5.77', 1647, '7.9'),
('CS-LX80YA2/CU-LX80YCA2', '國際(PANASONIC)', '5.20', 1828, '7.9'),
('CS-LX80YA2/CU-LX80YHA2', '國際(PANASONIC)', '5.20', 1828, '7.9'),
('CS-LX90A2/CU-LX90CA2', '國際(PANASONIC)', '5.11', 1976, '8.4'),
('CS-LX90A2/CU-LX90HA2', '國際(PANASONIC)', '5.11', 1976, '8.4'),
('CS-LX90BA2/CU-LX90BCA2', '國際(PANASONIC)', '5.72', 1765, '8.4'),
('CS-LX90BA2/CU-LX90BHA2', '國際(PANASONIC)', '5.72', 1765, '8.4'),
('CS-LX90YA2/CU-LX90YCA2', '國際(PANASONIC)', '5.20', 1942, '8.4'),
('CS-LX90YA2/CU-LX90YHA2', '國際(PANASONIC)', '5.20', 1942, '8.4'),
('CS-PX110A2/CU-PX110CA2', '國際(PANASONIC)', '5.30', 2466, '10.9'),
('CS-PX110A2/CU-PX110HA2', '國際(PANASONIC)', '5.30', 2466, '10.9'),
('CS-PX110BA2/CU-PX110BCA2', '國際(PANASONIC)', '5.67', 2305, '10.9'),
('CS-PX110BA2/CU-PX110BHA2', '國際(PANASONIC)', '5.67', 2305, '10.9'),
('CS-PX22A2/CU-PX22CA2', '國際(PANASONIC)', '7.50', 348, '2.2'),
('CS-PX22A2/CU-PX22HA2', '國際(PANASONIC)', '7.50', 348, '2.2'),
('CS-PX22BA2/CU-PX22BCA2', '國際(PANASONIC)', '8.33', 313, '2.2'),
('CS-PX22BA2/CU-PX22BHA2', '國際(PANASONIC)', '8.33', 313, '2.2'),
('CS-PX28A2/CU-PX28CA2', '國際(PANASONIC)', '7.20', 462, '2.8'),
('CS-PX28A2/CU-PX28HA2', '國際(PANASONIC)', '7.20', 462, '2.8'),
('CS-PX28BA2/CU-PX28BCA2', '國際(PANASONIC)', '8.00', 415, '2.8'),
('CS-PX28BA2/CU-PX28BHA2', '國際(PANASONIC)', '8.00', 415, '2.8'),
('CS-PX36A2/CU-PX36CA2', '國際(PANASONIC)', '6.80', 629, '3.6'),
('CS-PX36A2/CU-PX36HA2', '國際(PANASONIC)', '6.80', 629, '3.6'),
('CS-PX36BA2/CU-PX36BCA2', '國際(PANASONIC)', '7.60', 562, '3.6'),
('CS-PX36BA2/CU-PX36BHA2', '國際(PANASONIC)', '7.60', 562, '3.6'),
('CS-PX40A2/CU-PX40CA2', '國際(PANASONIC)', '6.60', 738, '4.1'),
('CS-PX40A2/CU-PX40HA2', '國際(PANASONIC)', '6.60', 738, '4.1'),
('CS-PX40BA2/CU-PX40BCA2', '國際(PANASONIC)', '7.45', 654, '4.1'),
('CS-PX40BA2/CU-PX40BHA2', '國際(PANASONIC)', '7.45', 654, '4.1'),
('CS-PX50A2/CU-PX50CA2', '國際(PANASONIC)', '6.50', 914, '5.0'),
('CS-PX50A2/CU-PX50HA2', '國際(PANASONIC)', '6.50', 914, '5.0'),
('CS-PX50BA2/CU-PX50BCA2', '國際(PANASONIC)', '7.22', 822, '4.9'),
('CS-PX50BA2/CU-PX50BHA2', '國際(PANASONIC)', '7.22', 822, '4.9'),
('CS-PX63A2/CU-PX63CA2', '國際(PANASONIC)', '5.90', 1268, '6.2'),
('CS-PX63A2/CU-PX63HA2', '國際(PANASONIC)', '5.90', 1268, '6.2'),
('CS-PX63BA2/CU-PX63BCA2', '國際(PANASONIC)', '6.55', 1143, '6.2'),
('CS-PX63BA2/CU-PX63BHA2', '國際(PANASONIC)', '6.55', 1143, '6.2'),
('CS-PX71A2/CU-PX71CA2', '國際(PANASONIC)', '5.90', 1450, '7.1'),
('CS-PX71A2/CU-PX71HA2', '國際(PANASONIC)', '5.90', 1450, '7.1'),
('CS-PX71BA2/CU-PX71BCA2', '國際(PANASONIC)', '6.55', 1306, '7.1'),
('CS-PX71BA2/CU-PX71BHA2', '國際(PANASONIC)', '6.55', 1306, '7.1'),
('CS-PX80A2/CU-PX80CA2', '國際(PANASONIC)', '5.60', 1697, '7.9'),
('CS-PX80A2/CU-PX80HA2', '國際(PANASONIC)', '5.60', 1697, '7.9'),
('CS-PX80BA2/CU-PX80BCA2', '國際(PANASONIC)', '6.21', 1530, '7.9'),
('CS-PX80BA2/CU-PX80BHA2', '國際(PANASONIC)', '6.21', 1530, '7.9'),
('CS-PX90A2/CU-PX90CA2', '國際(PANASONIC)', '5.60', 1846, '8.6'),
('CS-PX90A2/CU-PX90HA2', '國際(PANASONIC)', '5.60', 1846, '8.6'),
('CS-PX90BA2/CU-PX90BCA2', '國際(PANASONIC)', '6.16', 1678, '8.6'),
('CS-PX90BA2/CU-PX90BHA2', '國際(PANASONIC)', '6.16', 1678, '8.6'),
('CU-L140CA3/CS-L140UCA2', '國際(PANASONIC)', '5.07', 3281, '13.9'),
('CU-L140HA3/CS-L140UA2 ', '國際(PANASONIC)', '5.07', 3281, '13.9'),
('CU-M100BCA2/CS-LJ22BA2(壁掛型)', '國際(PANASONIC)', '6.41', 1946, '10.4'),
('CU-M100BHA2/CS-LJ22BA2(壁掛型)', '國際(PANASONIC)', '6.41', 1946, '10.4'),
('CW-N22HA2', '國際(PANASONIC)', '4.45', 587, '2.2'),
('CW-N28HA2', '國際(PANASONIC)', '4.83', 688, '2.8'),
('CW-N40HA2', '國際(PANASONIC)', '4.58', 1063, '4.1'),
('CW-N50HA2', '國際(PANASONIC)', '4.24', 1401, '5.0'),
('CW-N60LHA2', '國際(PANASONIC)', '4.25', 1677, '5.9'),
('DTS-22KIVSH/DNS-22KIVSH', '華菱(HAWRIN)', '6.20', 421, '2.2'),
('DTS-28KIVSH/DNS-28KIVSH', '華菱(HAWRIN)', '6.09', 546, '2.8'),
('DTS-36KIVSH/DNS-36KIVSH', '華菱(HAWRIN)', '5.96', 717, '3.6'),
('DTS-42KIVSH/DNS-42KIVSH', '華菱(HAWRIN)', '5.74', 869, '4.2'),
('DTS-50KIVSH/DNS-50KIVSH', '華菱(HAWRIN)', '5.85', 1015, '4.9'),
('DTS-63KIVSH/DNS-63KIVSH', '華菱(HAWRIN)', '5.43', 1378, '6.2'),
('DTS-72KIVSH/DNS-72KIVSH', '華菱(HAWRIN)', '5.18', 1651, '7.1'),
('DXK100ZRT-S/DXC100VNPT-S', '三菱(MITSUBISHI)', '5.15', 2307, '9.9'),
('DXK20ZMXT-S /DXM100ZMT-S', '三菱(MITSUBISHI)', '5.21', 2280, '9.9'),
('DXK20ZMXT-S/DXM80ZMT-S', '三菱(MITSUBISHI)', '5.26', 1807, '7.9'),
('DXK25ZMXT-S/DXC25ZMXT-S', '三菱(MITSUBISHI)', '7.09', 419, '2.5'),
('DXK35ZMXT-S/DXC35ZMXT-S', '三菱(MITSUBISHI)', '6.37', 652, '3.5'),
('DXK50ZMXT-S/DXC50ZMXT-S', '三菱(MITSUBISHI)', '5.40', 1100, '5.0'),
('DXK63ZRT-S/DXC63ZRT-S', '三菱(MITSUBISHI)', '5.43', 1378, '6.2'),
('DXK71ZRT-S/DXC71ZRT-S', '三菱(MITSUBISHI)', '5.19', 1648, '7.1'),
('DXK80ZRT-S/DXC80ZRT-S', '三菱(MITSUBISHI)', '5.19', 1831, '7.9'),
('FCQ71KVLT/RZQ71KCVLT(/)', '大金(DAIKIN)', '5.47', 1564, '7.1'),
('FDT56KXE6T2/FDC112KXZEN1T2', '三菱(MITSUBISHI)', '5.23', 2544, '11.1'),
('FDT56KXE6T2/FDC224KXZPE1T2', '三菱(MITSUBISHI)', '5.68', 4686, '22.2'),
('FDT71KXE6T2/FDC280KXZPE1T2', '三菱(MITSUBISHI)', '5.16', 6448, '27.7'),
('FTC-42GWO/FTC-42GWI', '寶島(FORMOSA)', '5.34', 934, '4.2'),
('FTC-50GWO/FTC-50GWI', '寶島(FORMOSA)', '5.34', 1112, '4.9'),
('FTXM28RVLT/2MXM56RVLT', '大金(DAIKIN)', '5.63', 1182, '5.5'),
('FUV-110CS2(GB)/FIV-110CS2(AB)', '冰點(BD)', '5.08', 2573, '10.9'),
('FUV-22CS2(CB)/FIV-22CS2(CB)', '冰點(BD)', '5.93', 440, '2.2'),
('FUV-22CS2(CB)/FIV-22CS2(DB)', '冰點(BD)', '5.93', 440, '2.2'),
('FUV-36CS2(CB)/FIV-36CS2(DB)', '冰點(BD)', '5.93', 721, '3.6'),
('FUV-36HS2(CB)/FIV-36HS2(DB)', '冰點(BD)', '5.93', 721, '3.6'),
('FUV-50CS2(CB)/FIV-50CS2(BB)', '冰點(BD)', '5.38', 1104, '4.9'),
('FUV-50HS2(CB)/FIV-50HS2(BB)', '冰點(BD)', '5.38', 1104, '4.9'),
('FUV-63CS2(FB)/FIV-63CS2(AB)', '冰點(BD)', '5.36', 1396, '6.2'),
('FUV-63HS2(FB)/FIV-63HS2(AB)', '冰點(BD)', '5.36', 1396, '6.2'),
('FUV-73CS2(FB)/FIV-73CS2(AB)', '冰點(BD)', '5.15', 1684, '7.2'),
('FUV-73HS2(FB)/FIV-73HS2(AB)', '冰點(BD)', '5.15', 1684, '7.2'),
('FUV-90CS2(FB)/FIV-90CS2(AB)', '冰點(BD)', '5.15', 2076, '8.9'),
('FXFQ50PAVET/RXYQ8TYLT', '大金(DAIKIN)', '5.71', 4662, '22.2'),
('FXFQ50PVET/RXYMQ8TTLT', '大金(DAIKIN)', '5.20', 5119, '22.2'),
('FXFQ56PVET/RXYCQ5AVET', '大金(DAIKIN)', '6.16', 2411, '12.4'),
('FXI-412HM/FXO-412HM', '良峰(RENFOSS)', '5.80', 840, '4.1'),
('FXI-722CM/FXO-722CM', '良峰(RENFOSS)', '5.36', 1596, '7.1'),
('FXI-722HM/FXO-722HM', '良峰(RENFOSS)', '5.36', 1596, '7.1'),
('FXI-M282CF/FXO-M282CF', '良峰(RENFOSS)', '6.60', 504, '2.8'),
('FXI-M282HF/FXO-M282HF', '良峰(RENFOSS)', '6.60', 504, '2.8'),
('FXI-M362CF/FXO-M362CF', '良峰(RENFOSS)', '6.20', 690, '3.6'),
('FXI-M362HF/FXO-M362HF', '良峰(RENFOSS)', '6.20', 690, '3.6'),
('FXI-M412CF/FXO-M412CF', '良峰(RENFOSS)', '5.50', 885, '4.1'),
('FXI-M412HF/FXO-M412HF', '良峰(RENFOSS)', '5.50', 885, '4.1'),
('FXI-M502CF/FXO-M502CF', '良峰(RENFOSS)', '5.60', 1061, '5.0'),
('FXI-M502HF/FXO-M502HF', '良峰(RENFOSS)', '5.60', 1061, '5.0'),
('FXI-M562CF/FXO-M562CF', '良峰(RENFOSS)', '5.60', 1061, '5.0'),
('FXI-M562HF/FXO-M562HF', '良峰(RENFOSS)', '5.60', 1061, '5.0'),
('FXI-M722CF/FXO-M722CF', '良峰(RENFOSS)', '5.40', 1584, '7.1'),
('FXI-M722HF/FXO-M722HF', '良峰(RENFOSS)', '5.40', 1584, '7.1'),
('FXI-M852CF/FXO-M852CF', '良峰(RENFOSS)', '5.40', 1870, '8.4'),
('FXI-M852HF/FXO-M852HF', '良峰(RENFOSS)', '5.40', 1870, '8.4'),
('FXI-M902CF/FXO-M902CF', '良峰(RENFOSS)', '5.40', 1980, '8.9'),
('FXI-M902HF/FXO-M902HF', '良峰(RENFOSS)', '5.40', 1980, '8.9'),
('GSDP-23HI/GSDP-23HO', '格力(GREE)', '5.94', 460, '2.3'),
('GSDP-29HI/GSDP-29HO', '格力(GREE)', '5.94', 560, '2.8'),
('GSDP-36HI/GSDP-36HO', '格力(GREE)', '5.94', 720, '3.6'),
('GSDP-41HI/GSDP-41HO', '格力(GREE)', '5.38', 971, '4.4'),
('GSDP-50HI/GSDP-50HO', '格力(GREE)', '5.38', 1170, '5.2'),
('GSDP-63HI/GSDP-63HO', '格力(GREE)', '5.38', 1435, '6.4'),
('GSDP-72HI/GSDP-72HO', '格力(GREE)', '5.12', 1717, '7.3'),
('GSDU-29HO/GSDU-29HI', '格力(GREE)', '5.93', 581, '2.9'),
('GSDU-36HO/GSDU-36HI', '格力(GREE)', '5.93', 721, '3.6'),
('GSDU-41HO/GSDU-41HI', '格力(GREE)', '5.33', 914, '4.1'),
('GSH-23HI/GSH-23HO', '格力(GREE)', '6.12', 446, '2.3'),
('GSH-29HI/GSH-29HO', '格力(GREE)', '6.00', 574, '2.9'),
('GSH-36HI/GSH-36HO', '格力(GREE)', '6.00', 713, '3.6'),
('GSH-41HI/GSH-41HO', '格力(GREE)', '5.50', 929, '4.3'),
('GSH-50HI/GSH-50HO', '格力(GREE)', '5.63', 1097, '5.1'),
('GSH-63HI/GSH-63HO', '格力(GREE)', '5.38', 1457, '6.5'),
('GSH-72HI/GSH-72HO', '格力(GREE)', '5.40', 1694, '7.6'),
('GSH-80CI/GSH-80CO', '格力(GREE)', '5.12', 1856, '7.9'),
('GSH-80HI/GSH-80HO', '格力(GREE)', '5.12', 1856, '7.9'),
('GU-110VSC/GI-110VSC', '資訊家', '5.08', 2573, '10.9'),
('GU-22VSC/GI-22VSC', '資訊家', '5.93', 440, '2.2'),
('GU-22VSC/GI-22VSC(S)', '資訊家', '5.93', 440, '2.2'),
('GU-36VSC/GI-36VSC', '資訊家', '5.93', 721, '3.6'),
('GU-36VSH/GI-36VSH', '資訊家', '5.93', 721, '3.6'),
('GU-50VSC/GI-50VSC', '資訊家', '5.38', 1104, '4.9'),
('GU-50VSH/GI-50VSH', '資訊家', '5.38', 1104, '4.9'),
('GU-63VSC/GI-63VSC', '資訊家', '5.36', 1396, '6.2'),
('GU-63VSH/GI-63VSH', '資訊家', '5.36', 1396, '6.2'),
('GU-73VSC/GI-73VSC', '資訊家', '5.15', 1684, '7.2'),
('GU-73VSH/GI-73VSH', '資訊家', '5.15', 1684, '7.2'),
('GU-90VSC/GI-90VSC', '資訊家', '5.15', 2076, '8.9'),
('HI-C100/HO-C100', '禾聯(HERAN)', '5.12', 2321, '9.9'),
('HI-C1001/HO-C1001', '禾聯(HERAN)', '5.12', 2321, '9.9'),
('HI-C1001H/HO-C1001H', '禾聯(HERAN)', '5.12', 2321, '9.9'),
('HI-C1002/HO-C1002', '禾聯(HERAN)', '5.12', 2321, '9.9'),
('HI-C1002H/HO-C1002H', '禾聯(HERAN)', '5.12', 2321, '9.9'),
('HI-C100A/HO-C100A', '禾聯(HERAN)', '5.12', 2321, '9.9'),
('HI-C100AH/HO-C100AH', '禾聯(HERAN)', '5.12', 2321, '9.9'),
('HI-C100H/HO-C100H', '禾聯(HERAN)', '5.12', 2321, '9.9'),
('HI-C112/HO-C112', '禾聯(HERAN)', '5.03', 2646, '11.1'),
('HI-C1121/HO-C1121', '禾聯(HERAN)', '5.03', 2646, '11.1'),
('HI-C1121H/HO-C1121H', '禾聯(HERAN)', '5.03', 2646, '11.1'),
('HI-C1122/HO-C1122', '禾聯(HERAN)', '5.03', 2646, '11.1'),
('HI-C1122H/HO-C1122H', '禾聯(HERAN)', '5.03', 2646, '11.1'),
('HI-C112A/HO-C112A', '禾聯(HERAN)', '5.03', 2646, '11.1'),
('HI-C112AH/HO-C112AH', '禾聯(HERAN)', '5.03', 2646, '11.1'),
('HI-C112H/HO-C112H', '禾聯(HERAN)', '5.03', 2646, '11.1'),
('HI-C140/HO-C140', '禾聯(HERAN)', '5.03', 3307, '13.9'),
('HI-C1401/HO-C1401', '禾聯(HERAN)', '5.03', 3307, '13.9'),
('HI-C1401H/HO-C1401H', '禾聯(HERAN)', '5.03', 3307, '13.9'),
('HI-C1402/HO-C1402', '禾聯(HERAN)', '5.03', 3307, '13.9'),
('HI-C1402H/HO-C1402H', '禾聯(HERAN)', '5.03', 3307, '13.9'),
('HI-C140A/HO-C140A', '禾聯(HERAN)', '5.03', 3307, '13.9'),
('HI-C140AH/HO-C140AH', '禾聯(HERAN)', '5.03', 3307, '13.9'),
('HI-C140H/HO-C140H', '禾聯(HERAN)', '5.03', 3307, '13.9'),
('HI-C63/HO2-C150', '禾聯(HERAN)', '5.05', 3388, '14.3'),
('HI-C63H/HO2-C150H', '禾聯(HERAN)', '5.05', 3388, '14.3'),
('HI-C72/HO2-C150', '禾聯(HERAN)', '5.05', 3388, '14.3'),
('HI-C72H/HO2-C150H', '禾聯(HERAN)', '5.05', 3388, '14.3'),
('HI-C91/HO-C91', '禾聯(HERAN)', '5.12', 2088, '8.9'),
('HI-C911/HO-C911', '禾聯(HERAN)', '5.12', 2088, '8.9'),
('HI-C911H/HO-C911H', '禾聯(HERAN)', '5.12', 2088, '8.9'),
('HI-C912/HO-C912', '禾聯(HERAN)', '5.12', 2088, '8.9'),
('HI-C912H/HO-C912H', '禾聯(HERAN)', '5.12', 2088, '8.9'),
('HI-C91A/HO-C91A', '禾聯(HERAN)', '5.12', 2088, '8.9'),
('HI-C91AH/HO-C91AH', '禾聯(HERAN)', '5.12', 2088, '8.9'),
('HI-C91H/HO-C91H', '禾聯(HERAN)', '5.12', 2088, '8.9'),
('HI-G23/HO-G23', '禾聯(HERAN)', '5.94', 460, '2.3'),
('HI-G231/HO-G231', '禾聯(HERAN)', '5.94', 460, '2.3'),
('HI-G231H/HO-G231H', '禾聯(HERAN)', '5.94', 460, '2.3'),
('HI-G232/HO-G232', '禾聯(HERAN)', '5.94', 460, '2.3'),
('HI-G232H/HO-G232H', '禾聯(HERAN)', '5.94', 460, '2.3'),
('HI-G23H/HO-G23H', '禾聯(HERAN)', '5.94', 460, '2.3'),
('HI-G28/HO-G28', '禾聯(HERAN)', '5.94', 560, '2.8'),
('HI-G281/HO-G281', '禾聯(HERAN)', '5.94', 560, '2.8'),
('HI-G281H/HO-G281H', '禾聯(HERAN)', '5.94', 560, '2.8'),
('HI-G282/HO-G282', '禾聯(HERAN)', '5.94', 560, '2.8'),
('HI-G282H/HO-G282H', '禾聯(HERAN)', '5.94', 560, '2.8'),
('HI-G28H/HO-G28H', '禾聯(HERAN)', '5.94', 560, '2.8'),
('HI-G32/HO-G32', '禾聯(HERAN)', '5.94', 640, '3.2'),
('HI-G321/HO-G321', '禾聯(HERAN)', '5.94', 640, '3.2'),
('HI-G321H/HO-G321H', '禾聯(HERAN)', '5.94', 640, '3.2'),
('HI-G322/HO-G322', '禾聯(HERAN)', '5.94', 640, '3.2'),
('HI-G322H/HO-G322H', '禾聯(HERAN)', '5.94', 640, '3.2'),
('HI-G32H/HO-G32H', '禾聯(HERAN)', '5.94', 640, '3.2'),
('HI-G36/HO-G36', '禾聯(HERAN)', '5.94', 720, '3.6'),
('HI-G361/HO-G361', '禾聯(HERAN)', '5.94', 720, '3.6'),
('HI-G361H/HO-G361H', '禾聯(HERAN)', '5.94', 720, '3.6'),
('HI-G362/HO-G362', '禾聯(HERAN)', '5.94', 720, '3.6'),
('HI-G362H/HO-G362H', '禾聯(HERAN)', '5.94', 720, '3.6'),
('HI-G36H/HO-G36H', '禾聯(HERAN)', '5.94', 720, '3.6'),
('HI-G41/HO-G41', '禾聯(HERAN)', '5.38', 927, '4.2'),
('HI-G411/HO-G411', '禾聯(HERAN)', '5.38', 927, '4.2'),
('HI-G411H/HO-G411H', '禾聯(HERAN)', '5.38', 927, '4.2'),
('HI-G412/HO-G412', '禾聯(HERAN)', '5.38', 927, '4.2'),
('HI-G412H/HO-G412H', '禾聯(HERAN)', '5.38', 927, '4.2'),
('HI-G41H/HO-G41H', '禾聯(HERAN)', '5.38', 927, '4.2'),
('HI-G50/HO-G50', '禾聯(HERAN)', '5.38', 1104, '4.9'),
('HI-G501/HO-G501', '禾聯(HERAN)', '5.38', 1104, '4.9'),
('HI-G501H/HO-G501H', '禾聯(HERAN)', '5.38', 1104, '4.9'),
('HI-G502/HO-G502', '禾聯(HERAN)', '5.38', 1104, '4.9'),
('HI-G502H/HO-G502H', '禾聯(HERAN)', '5.38', 1104, '4.9'),
('HI-G50H/HO-G50H', '禾聯(HERAN)', '5.38', 1104, '4.9'),
('HI-G56/HO-G56', '禾聯(HERAN)', '5.38', 1236, '5.5'),
('HI-G561/HO-G561', '禾聯(HERAN)', '5.38', 1236, '5.5'),
('HI-G561H/HO-G561H', '禾聯(HERAN)', '5.38', 1236, '5.5'),
('HI-G562/HO-G562', '禾聯(HERAN)', '5.38', 1236, '5.5'),
('HI-G562H/HO-G562H', '禾聯(HERAN)', '5.38', 1236, '5.5'),
('HI-G56H/HO-G56H', '禾聯(HERAN)', '5.38', 1236, '5.5'),
('HI-G63/HO-G63', '禾聯(HERAN)', '5.38', 1457, '6.5'),
('HI-G631/HO-G631', '禾聯(HERAN)', '5.38', 1457, '6.5'),
('HI-G631H/HO-G631H', '禾聯(HERAN)', '5.38', 1457, '6.5'),
('HI-G632/HO-G632', '禾聯(HERAN)', '5.38', 1457, '6.5'),
('HI-G632H/HO-G632H', '禾聯(HERAN)', '5.38', 1457, '6.5'),
('HI-G63H/HO-G63H', '禾聯(HERAN)', '5.38', 1457, '6.5'),
('HI-G72/HO-G72', '禾聯(HERAN)', '5.13', 1714, '7.3'),
('HI-G721/HO-G721', '禾聯(HERAN)', '5.13', 1714, '7.3'),
('HI-G721H/HO-G721H', '禾聯(HERAN)', '5.13', 1714, '7.3'),
('HI-G722/HO-G722', '禾聯(HERAN)', '5.13', 1714, '7.3'),
('HI-G722H/HO-G722H', '禾聯(HERAN)', '5.13', 1714, '7.3'),
('HI-G72H/HO-G72H', '禾聯(HERAN)', '5.13', 1714, '7.3'),
('HI-G80/HO-G80', '禾聯(HERAN)', '5.12', 1856, '7.9'),
('HI-G80H/HO-G80H', '禾聯(HERAN)', '5.12', 1856, '7.9'),
('HI-G85/HO-G85', '禾聯(HERAN)', '5.12', 1972, '8.4'),
('HI-G85H/HO-G85H', '禾聯(HERAN)', '5.12', 1972, '8.4'),
('HI-GA100/HO-GA100', '禾聯(HERAN)', '5.12', 2321, '9.9'),
('HI-GA100H/HO-GA100H', '禾聯(HERAN)', '5.12', 2321, '9.9'),
('HI-GA23/HO-GA23', '禾聯(HERAN)', '6.12', 446, '2.3'),
('HI-GA231/HO-GA231', '禾聯(HERAN)', '6.12', 446, '2.3'),
('HI-GA231H/HO-GA231H', '禾聯(HERAN)', '6.12', 446, '2.3'),
('HI-GA232/HO-GA232', '禾聯(HERAN)', '6.12', 446, '2.3'),
('HI-GA232H/HO-GA232H', '禾聯(HERAN)', '6.12', 446, '2.3'),
('HI-GA23F/HO-GA23F', '禾聯(HERAN)', '6.12', 446, '2.3'),
('HI-GA23FH/HO-GA23FH', '禾聯(HERAN)', '6.12', 446, '2.3'),
('HI-GA23H/HO-GA23H', '禾聯(HERAN)', '6.12', 446, '2.3'),
('HI-GA28/HO-GA28', '禾聯(HERAN)', '6.00', 574, '2.9'),
('HI-GA28F/HO-GA28F', '禾聯(HERAN)', '6.00', 574, '2.9'),
('HI-GA28FH/HO-GA28FH', '禾聯(HERAN)', '6.00', 574, '2.9'),
('HI-GA28H/HO-GA28H', '禾聯(HERAN)', '6.00', 574, '2.9'),
('HI-GA36/HO-GA36', '禾聯(HERAN)', '6.00', 713, '3.6'),
('HI-GA361/HO-GA361', '禾聯(HERAN)', '6.00', 713, '3.6'),
('HI-GA361H/HO-GA361H', '禾聯(HERAN)', '6.00', 713, '3.6'),
('HI-GA362/HO-GA362', '禾聯(HERAN)', '6.00', 713, '3.6'),
('HI-GA362H/HO-GA362H', '禾聯(HERAN)', '6.00', 713, '3.6'),
('HI-GA36F/HO-GA36F', '禾聯(HERAN)', '6.00', 713, '3.6'),
('HI-GA36FH/HO-GA36FH', '禾聯(HERAN)', '6.00', 713, '3.6'),
('HI-GA36H/HO-GA36H', '禾聯(HERAN)', '6.00', 713, '3.6'),
('HI-GA41/HO-GA41', '禾聯(HERAN)', '5.50', 929, '4.3'),
('HI-GA41F/HO-GA41F', '禾聯(HERAN)', '5.50', 929, '4.3'),
('HI-GA41FH/HO-GA41FH', '禾聯(HERAN)', '5.50', 929, '4.3'),
('HI-GA41H/HO-GA41H', '禾聯(HERAN)', '5.50', 929, '4.3'),
('HI-GA50/HO-GA50', '禾聯(HERAN)', '5.63', 1097, '5.1'),
('HI-GA50F/HO-GA50F', '禾聯(HERAN)', '5.63', 1097, '5.1'),
('HI-GA50FH/HO-GA50FH', '禾聯(HERAN)', '5.63', 1097, '5.1'),
('HI-GA50H/HO-GA50H', '禾聯(HERAN)', '5.63', 1097, '5.1'),
('HI-GA63/HO-GA63', '禾聯(HERAN)', '5.38', 1457, '6.5'),
('HI-GA631/HO-GA631', '禾聯(HERAN)', '5.38', 1457, '6.5'),
('HI-GA631H/HO-GA631H', '禾聯(HERAN)', '5.38', 1457, '6.5'),
('HI-GA632/HO-GA632', '禾聯(HERAN)', '5.38', 1457, '6.5'),
('HI-GA632H/HO-GA632H', '禾聯(HERAN)', '5.38', 1457, '6.5'),
('HI-GA63F/HO-GA63F', '禾聯(HERAN)', '5.38', 1457, '6.5'),
('HI-GA63FH/HO-GA63FH', '禾聯(HERAN)', '5.38', 1457, '6.5'),
('HI-GA63H/HO-GA63H', '禾聯(HERAN)', '5.38', 1457, '6.5'),
('HI-GA72/HO-GA72', '禾聯(HERAN)', '5.40', 1694, '7.6'),
('HI-GA72F/HO-GA72F', '禾聯(HERAN)', '5.40', 1694, '7.6'),
('HI-GA72FH/HO-GA72FH', '禾聯(HERAN)', '5.40', 1694, '7.6'),
('HI-GA72H/HO-GA72H', '禾聯(HERAN)', '5.40', 1694, '7.6'),
('HI-GA80/HO-GA80', '禾聯(HERAN)', '5.12', 1856, '7.9'),
('HI-GA80H/HO-GA80H', '禾聯(HERAN)', '5.12', 1856, '7.9'),
('HI-GA85/HO-GA85', '禾聯(HERAN)', '5.12', 1972, '8.4'),
('HI-GA85H/HO-GA85H', '禾聯(HERAN)', '5.12', 1972, '8.4'),
('HI-GA91/HO-GA91', '禾聯(HERAN)', '5.12', 2112, '9.0'),
('HI-GA91H/HO-GA91H', '禾聯(HERAN)', '5.12', 2112, '9.0'),
('HI-K23/HO-K23', '禾聯(HERAN)', '5.94', 460, '2.3'),
('HI-K231/HO-K231', '禾聯(HERAN)', '5.94', 460, '2.3'),
('HI-K231H/HO-K231H', '禾聯(HERAN)', '5.94', 460, '2.3'),
('HI-K232/HO-K232', '禾聯(HERAN)', '5.94', 460, '2.3'),
('HI-K232H/HO-K232H', '禾聯(HERAN)', '5.94', 460, '2.3'),
('HI-K23A/HO-K23A', '禾聯(HERAN)', '5.94', 460, '2.3'),
('HI-K23AH/HO-K23AH', '禾聯(HERAN)', '5.94', 460, '2.3'),
('HI-K23B/HO-K23B', '禾聯(HERAN)', '5.94', 460, '2.3'),
('HI-K23BH/HO-K23BH', '禾聯(HERAN)', '5.94', 460, '2.3'),
('HI-K23H/HO-K23H', '禾聯(HERAN)', '5.94', 460, '2.3'),
('HI-K28/HO-K28', '禾聯(HERAN)', '5.94', 560, '2.8'),
('HI-K281/HO-K281', '禾聯(HERAN)', '5.94', 560, '2.8'),
('HI-K281H/HO-K281H', '禾聯(HERAN)', '5.94', 560, '2.8'),
('HI-K282/HO-K282', '禾聯(HERAN)', '5.94', 560, '2.8'),
('HI-K282H/HO-K282H', '禾聯(HERAN)', '5.94', 560, '2.8'),
('HI-K28A/HO-K28A', '禾聯(HERAN)', '5.94', 560, '2.8'),
('HI-K28AH/HO-K28AH', '禾聯(HERAN)', '5.94', 560, '2.8'),
('HI-K28B/HO-K28B', '禾聯(HERAN)', '5.94', 560, '2.8'),
('HI-K28BH/HO-K28BH', '禾聯(HERAN)', '5.94', 560, '2.8'),
('HI-K28H/HO-K28H', '禾聯(HERAN)', '5.94', 560, '2.8'),
('HI-K36/HO-K36', '禾聯(HERAN)', '5.94', 720, '3.6'),
('HI-K361/HO-K361', '禾聯(HERAN)', '5.94', 720, '3.6'),
('HI-K361H/HO-K361H', '禾聯(HERAN)', '5.94', 720, '3.6'),
('HI-K362/HO-K362', '禾聯(HERAN)', '5.94', 720, '3.6'),
('HI-K362H/HO-K362H', '禾聯(HERAN)', '5.94', 720, '3.6'),
('HI-K36A/HO-K36A', '禾聯(HERAN)', '5.94', 720, '3.6'),
('HI-K36AH/HO-K36AH', '禾聯(HERAN)', '5.94', 720, '3.6'),
('HI-K36B/HO-K36B', '禾聯(HERAN)', '5.94', 720, '3.6'),
('HI-K36BH/HO-K36BH', '禾聯(HERAN)', '5.94', 720, '3.6'),
('HI-K36H/HO-K36H', '禾聯(HERAN)', '5.94', 720, '3.6'),
('HI-K41/HO-K41', '禾聯(HERAN)', '5.38', 905, '4.1'),
('HI-K411/HO-K411', '禾聯(HERAN)', '5.38', 905, '4.1'),
('HI-K411H/HO-K411H', '禾聯(HERAN)', '5.38', 905, '4.1'),
('HI-K412/HO-K412', '禾聯(HERAN)', '5.38', 905, '4.1'),
('HI-K412H/HO-K412H', '禾聯(HERAN)', '5.38', 905, '4.1'),
('HI-K41A/HO-K41A', '禾聯(HERAN)', '5.38', 905, '4.1'),
('HI-K41AH/HO-K41AH', '禾聯(HERAN)', '5.38', 905, '4.1'),
('HI-K41B/HO-K41B', '禾聯(HERAN)', '5.38', 905, '4.1'),
('HI-K41BH/HO-K41BH', '禾聯(HERAN)', '5.38', 905, '4.1'),
('HI-K41H/HO-K41H', '禾聯(HERAN)', '5.38', 905, '4.1'),
('HI-K50/HO-K50', '禾聯(HERAN)', '5.38', 1104, '4.9'),
('HI-K501/HO-K501', '禾聯(HERAN)', '5.38', 1104, '4.9'),
('HI-K501H/HO-K501H', '禾聯(HERAN)', '5.38', 1104, '4.9'),
('HI-K502/HO-K502', '禾聯(HERAN)', '5.38', 1104, '4.9'),
('HI-K502H/HO-K502H', '禾聯(HERAN)', '5.38', 1104, '4.9'),
('HI-K50A/HO-K50A', '禾聯(HERAN)', '5.38', 1104, '4.9'),
('HI-K50AH/HO-K50AH', '禾聯(HERAN)', '5.38', 1104, '4.9'),
('HI-K50B/HO-K50B', '禾聯(HERAN)', '5.38', 1104, '4.9'),
('HI-K50BH/HO-K50BH', '禾聯(HERAN)', '5.38', 1104, '4.9'),
('HI-K50H/HO-K50H', '禾聯(HERAN)', '5.38', 1104, '4.9'),
('HI-K72/HO-K72', '禾聯(HERAN)', '5.12', 1671, '7.1'),
('HI-K721/HO-K721', '禾聯(HERAN)', '5.12', 1671, '7.1'),
('HI-K721H/HO-K721H', '禾聯(HERAN)', '5.12', 1671, '7.1'),
('HI-K722/HO-K722', '禾聯(HERAN)', '5.12', 1671, '7.1'),
('HI-K722H/HO-K722H', '禾聯(HERAN)', '5.12', 1671, '7.1'),
('HI-K72A/HO-K72A', '禾聯(HERAN)', '5.12', 1671, '7.1'),
('HI-K72AH/HO-K72AH', '禾聯(HERAN)', '5.12', 1671, '7.1'),
('HI-K72B/HO-K72B', '禾聯(HERAN)', '5.12', 1671, '7.1'),
('HI-K72BH/HO-K72BH', '禾聯(HERAN)', '5.12', 1671, '7.1'),
('HI-K72H/HO-K72H', '禾聯(HERAN)', '5.12', 1671, '7.1'),
('HI-K85/HO-K85', '禾聯(HERAN)', '5.12', 1972, '8.4'),
('HI-K851/HO-K851', '禾聯(HERAN)', '5.12', 1972, '8.4'),
('HI-K851H/HO-K851H', '禾聯(HERAN)', '5.12', 1972, '8.4'),
('HI-K852/HO-K852', '禾聯(HERAN)', '5.12', 1972, '8.4'),
('HI-K852H/HO-K852H', '禾聯(HERAN)', '5.12', 1972, '8.4'),
('HI-K85A/HO-K85A', '禾聯(HERAN)', '5.12', 1972, '8.4'),
('HI-K85AH/HO-K85AH', '禾聯(HERAN)', '5.12', 1972, '8.4'),
('HI-K85B/HO-K85B', '禾聯(HERAN)', '5.12', 1972, '8.4'),
('HI-K85BH/HO-K85BH', '禾聯(HERAN)', '5.12', 1972, '8.4'),
('HI-K85H/HO-K85H', '禾聯(HERAN)', '5.12', 1972, '8.4'),
('HI-N100/HO-N100', '禾聯(HERAN)', '5.12', 2321, '9.9'),
('HI-N1002/HO-N1002', '禾聯(HERAN)', '5.12', 2321, '9.9'),
('HI-N1002H/HO-N1002H', '禾聯(HERAN)', '5.12', 2321, '9.9'),
('HI-N100H/HO-N100H', '禾聯(HERAN)', '5.12', 2321, '9.9'),
('HI-N1122/HO-N1122', '禾聯(HERAN)', '5.03', 2646, '11.1'),
('HI-N1122H/HO-N1122H', '禾聯(HERAN)', '5.03', 2646, '11.1'),
('HI-N23/HM3-N65', '禾聯(HERAN)', '5.48', 1431, '6.5'),
('HI-N23/HO-N23', '禾聯(HERAN)', '5.94', 460, '2.3'),
('HI-N231 /HM2-N521', '禾聯(HERAN)', '5.42', 1184, '5.3'),
('HI-N231 /HM3-N651', '禾聯(HERAN)', '5.48', 1431, '6.5'),
('HI-N231/HM3-N65', '禾聯(HERAN)', '5.48', 1431, '6.5'),
('HI-N231/HO-N231', '禾聯(HERAN)', '5.94', 460, '2.3'),
('HI-N231H /HM2-N521H', '禾聯(HERAN)', '5.42', 1184, '5.3'),
('HI-N231H /HM3-N651H', '禾聯(HERAN)', '5.48', 1431, '6.5'),
('HI-N231H/HM3-N65H', '禾聯(HERAN)', '5.48', 1431, '6.5'),
('HI-N231H/HO-N231H', '禾聯(HERAN)', '5.94', 460, '2.3'),
('HI-N232/HO-N232', '禾聯(HERAN)', '5.94', 460, '2.3'),
('HI-N232H/HO-N232H', '禾聯(HERAN)', '5.94', 460, '2.3'),
('HI-N233/HO-N233', '禾聯(HERAN)', '5.94', 460, '2.3'),
('HI-N233H/HO-N233H', '禾聯(HERAN)', '5.94', 460, '2.3'),
('HI-N23H/HM3-N65H', '禾聯(HERAN)', '5.48', 1431, '6.5'),
('HI-N23H/HO-N23H', '禾聯(HERAN)', '5.94', 460, '2.3'),
('HI-N28/HM2-N52', '禾聯(HERAN)', '5.42', 1184, '5.3'),
('HI-N28/HM5-N140', '禾聯(HERAN)', '5.21', 3193, '13.9'),
('HI-N28/HO-N28', '禾聯(HERAN)', '5.94', 560, '2.8'),
('HI-N281 /HM3-N651', '禾聯(HERAN)', '5.48', 1431, '6.5'),
('HI-N281 /HM5-N1401', '禾聯(HERAN)', '5.21', 3193, '13.9'),
('HI-N281/HM2-N52', '禾聯(HERAN)', '5.42', 1184, '5.3'),
('HI-N281/HM2-N521', '禾聯(HERAN)', '5.42', 1184, '5.3'),
('HI-N281/HM5-N140', '禾聯(HERAN)', '5.21', 3193, '13.9'),
('HI-N281/HO-N281', '禾聯(HERAN)', '5.94', 560, '2.8'),
('HI-N281H /HM2-N521H', '禾聯(HERAN)', '5.42', 1184, '5.3'),
('HI-N281H /HM3-N651H', '禾聯(HERAN)', '5.48', 1431, '6.5'),
('HI-N281H /HM5-N1401H', '禾聯(HERAN)', '5.21', 3193, '13.9'),
('HI-N281H/HM2-N52H', '禾聯(HERAN)', '5.42', 1184, '5.3'),
('HI-N281H/HM5-N140H', '禾聯(HERAN)', '5.21', 3193, '13.9'),
('HI-N281H/HO-N281H', '禾聯(HERAN)', '5.94', 560, '2.8'),
('HI-N282/HO-N282', '禾聯(HERAN)', '5.94', 560, '2.8'),
('HI-N282H/HO-N282H', '禾聯(HERAN)', '5.94', 560, '2.8'),
('HI-N283/HO-N283', '禾聯(HERAN)', '5.94', 560, '2.8'),
('HI-N283H/HO-N283H', '禾聯(HERAN)', '5.94', 560, '2.8'),
('HI-N28H/HM2-N52H', '禾聯(HERAN)', '5.42', 1184, '5.3'),
('HI-N28H/HM5-N140H', '禾聯(HERAN)', '5.21', 3193, '13.9'),
('HI-N28H/HO-N28H', '禾聯(HERAN)', '5.94', 560, '2.8'),
('HI-N32/HO-N32', '禾聯(HERAN)', '5.94', 640, '3.2'),
('HI-N321/HO-N321', '禾聯(HERAN)', '5.94', 640, '3.2'),
('HI-N321H/HO-N321H', '禾聯(HERAN)', '5.94', 640, '3.2'),
('HI-N32H/HO-N32H', '禾聯(HERAN)', '5.94', 640, '3.2'),
('HI-N36/HO-N36', '禾聯(HERAN)', '5.94', 720, '3.6'),
('HI-N361/HO-N361', '禾聯(HERAN)', '5.94', 720, '3.6'),
('HI-N361H/HO-N361H', '禾聯(HERAN)', '5.94', 720, '3.6'),
('HI-N362/HO-N362', '禾聯(HERAN)', '5.94', 720, '3.6'),
('HI-N362H/HO-N362H', '禾聯(HERAN)', '5.94', 720, '3.6'),
('HI-N363/HO-N363', '禾聯(HERAN)', '5.94', 720, '3.6'),
('HI-N363H/HO-N363H', '禾聯(HERAN)', '5.94', 720, '3.6'),
('HI-N36H/HO-N36H', '禾聯(HERAN)', '5.94', 720, '3.6'),
('HI-N41/HO-N41', '禾聯(HERAN)', '5.38', 971, '4.4'),
('HI-N411/HO-N411', '禾聯(HERAN)', '5.38', 971, '4.4'),
('HI-N411H/HO-N411H', '禾聯(HERAN)', '5.38', 971, '4.4'),
('HI-N412/HO-N412', '禾聯(HERAN)', '5.38', 971, '4.4'),
('HI-N412H/HO-N412H', '禾聯(HERAN)', '5.38', 971, '4.4'),
('HI-N413/HO-N413', '禾聯(HERAN)', '5.38', 971, '4.4'),
('HI-N413H/HO-N413H', '禾聯(HERAN)', '5.38', 971, '4.4'),
('HI-N41H/HO-N41H', '禾聯(HERAN)', '5.38', 971, '4.4'),
('HI-N50/HO-N50', '禾聯(HERAN)', '5.38', 1170, '5.2'),
('HI-N501/HM4-N1101', '禾聯(HERAN)', '5.20', 2399, '10.4'),
('HI-N501/HO-N501', '禾聯(HERAN)', '5.38', 1170, '5.2'),
('HI-N501H /HM4-N1101H', '禾聯(HERAN)', '5.20', 2399, '10.4'),
('HI-N501H/HO-N501H', '禾聯(HERAN)', '5.38', 1170, '5.2'),
('HI-N503/HO-N503', '禾聯(HERAN)', '5.38', 1170, '5.2'),
('HI-N503H/HO-N503H', '禾聯(HERAN)', '5.38', 1170, '5.2'),
('HI-N50H/HO-N50H', '禾聯(HERAN)', '5.38', 1170, '5.2'),
('HI-N56/HO-N56', '禾聯(HERAN)', '5.38', 1236, '5.5'),
('HI-N561/HO-N561', '禾聯(HERAN)', '5.38', 1236, '5.5'),
('HI-N561H/HO-N561H', '禾聯(HERAN)', '5.38', 1236, '5.5'),
('HI-N56H/HO-N56H', '禾聯(HERAN)', '5.38', 1236, '5.5'),
('HI-N63/HO-N63', '禾聯(HERAN)', '5.38', 1435, '6.4'),
('HI-N631/HO-N631', '禾聯(HERAN)', '5.38', 1435, '6.4'),
('HI-N631H/HO-N631H', '禾聯(HERAN)', '5.38', 1435, '6.4'),
('HI-N633/HO-N633', '禾聯(HERAN)', '5.38', 1435, '6.4'),
('HI-N633H/HO-N633H', '禾聯(HERAN)', '5.38', 1435, '6.4'),
('HI-N63H/HO-N63H', '禾聯(HERAN)', '5.38', 1435, '6.4'),
('HI-N72/HO-N72', '禾聯(HERAN)', '5.12', 1717, '7.3'),
('HI-N721 /HM5-N1401', '禾聯(HERAN)', '5.21', 3193, '13.9'),
('HI-N721/HO-N721', '禾聯(HERAN)', '5.12', 1717, '7.3'),
('HI-N721H /HM5-N1401H', '禾聯(HERAN)', '5.21', 3193, '13.9'),
('HI-N721H/HO-N721H', '禾聯(HERAN)', '5.12', 1717, '7.3'),
('HI-N723/HO-N723', '禾聯(HERAN)', '5.12', 1717, '7.3'),
('HI-N723H/HO-N723H', '禾聯(HERAN)', '5.12', 1717, '7.3'),
('HI-N72H/HO-N72H', '禾聯(HERAN)', '5.12', 1717, '7.3'),
('HI-N80/HO-N80', '禾聯(HERAN)', '5.12', 1856, '7.9'),
('HI-N801/HO-N801', '禾聯(HERAN)', '5.12', 1856, '7.9'),
('HI-N801H/HO-N801H', '禾聯(HERAN)', '5.12', 1856, '7.9'),
('HI-N802/HO-N802', '禾聯(HERAN)', '5.12', 1856, '7.9'),
('HI-N802H/HO-N802H', '禾聯(HERAN)', '5.12', 1856, '7.9'),
('HI-N803/HO-N803', '禾聯(HERAN)', '5.12', 1856, '7.9'),
('HI-N803H/HO-N803H', '禾聯(HERAN)', '5.12', 1856, '7.9'),
('HI-N80H/HO-N80H', '禾聯(HERAN)', '5.12', 1856, '7.9'),
('HI-N85/HO-N85', '禾聯(HERAN)', '5.12', 1972, '8.4'),
('HI-N851/HO-N851', '禾聯(HERAN)', '5.12', 1972, '8.4'),
('HI-N851H/HO-N851H', '禾聯(HERAN)', '5.12', 1972, '8.4'),
('HI-N852/HO-N852', '禾聯(HERAN)', '5.12', 1972, '8.4'),
('HI-N852H/HO-N852H', '禾聯(HERAN)', '5.12', 1972, '8.4'),
('HI-N853/HO-N853', '禾聯(HERAN)', '5.12', 1972, '8.4'),
('HI-N853H/HO-N853H', '禾聯(HERAN)', '5.12', 1972, '8.4'),
('HI-N85H/HO-N85H', '禾聯(HERAN)', '5.12', 1972, '8.4'),
('HI-N91/HO-N91', '禾聯(HERAN)', '5.12', 2112, '9.0'),
('HI-N912/HO-N912', '禾聯(HERAN)', '5.12', 2112, '9.0'),
('HI-N912H/HO-N912H', '禾聯(HERAN)', '5.12', 2112, '9.0'),
('HI-N91H/HO-N91H', '禾聯(HERAN)', '5.12', 2112, '9.0'),
('HI-NA23/HO-NA23', '禾聯(HERAN)', '5.94', 460, '2.3'),
('HI-NA23H/HO-NA23H', '禾聯(HERAN)', '5.94', 460, '2.3'),
('HI-NA28/HO-NA28', '禾聯(HERAN)', '5.94', 560, '2.8'),
('HI-NA28H/HO-NA28H', '禾聯(HERAN)', '5.94', 560, '2.8'),
('HI-NA36/HO-NA36', '禾聯(HERAN)', '5.94', 720, '3.6'),
('HI-NA36H/HO-NA36H', '禾聯(HERAN)', '5.94', 720, '3.6'),
('HI-NA41/HO-NA41', '禾聯(HERAN)', '5.38', 971, '4.4'),
('HI-NA41H/HO-NA41H', '禾聯(HERAN)', '5.38', 971, '4.4'),
('HI-NA50/HO-NA50', '禾聯(HERAN)', '5.38', 1170, '5.2'),
('HI-NA50H/HO-NA50H', '禾聯(HERAN)', '5.38', 1170, '5.2'),
('HI-NA63/HO-NA63', '禾聯(HERAN)', '5.38', 1435, '6.4'),
('HI-NA63H/HO-NA63H', '禾聯(HERAN)', '5.38', 1435, '6.4'),
('HI-NA72/HO-NA72', '禾聯(HERAN)', '5.12', 1717, '7.3'),
('HI-NA72H/HO-NA72H', '禾聯(HERAN)', '5.12', 1717, '7.3'),
('HI-NA80/HO-NA80', '禾聯(HERAN)', '5.12', 1856, '7.9'),
('HI-NA80H/HO-NA80H', '禾聯(HERAN)', '5.12', 1856, '7.9'),
('HI-NA85/HO-NA85', '禾聯(HERAN)', '5.12', 1972, '8.4'),
('HI-NA85H/HO-NA85H', '禾聯(HERAN)', '5.12', 1972, '8.4'),
('HI-NB23/HO-NB23', '禾聯(HERAN)', '5.94', 460, '2.3'),
('HI-NB23H/HO-NB23H', '禾聯(HERAN)', '5.94', 460, '2.3'),
('HI-NB28/HO-NB28', '禾聯(HERAN)', '5.94', 560, '2.8'),
('HI-NB28H/HO-NB28H', '禾聯(HERAN)', '5.94', 560, '2.8'),
('HI-NB36/HO-NB36', '禾聯(HERAN)', '5.94', 720, '3.6'),
('HI-NB36H/HO-NB36H', '禾聯(HERAN)', '5.94', 720, '3.6'),
('HI-NB41/HO-NB41', '禾聯(HERAN)', '5.38', 971, '4.4'),
('HI-NB41H/HO-NB41H', '禾聯(HERAN)', '5.38', 971, '4.4'),
('HI-NB50/HO-NB50', '禾聯(HERAN)', '5.38', 1170, '5.2'),
('HI-NB50H/HO-NB50H', '禾聯(HERAN)', '5.38', 1170, '5.2'),
('HI-NB63/HO-NB63', '禾聯(HERAN)', '5.38', 1435, '6.4'),
('HI-NB63H/HO-NB63H', '禾聯(HERAN)', '5.38', 1435, '6.4'),
('HI-NB72/HO-NB72', '禾聯(HERAN)', '5.12', 1717, '7.3'),
('HI-NB72H/HO-NB72H', '禾聯(HERAN)', '5.12', 1717, '7.3'),
('HI-NB80/HO-NB80', '禾聯(HERAN)', '5.12', 1856, '7.9'),
('HI-NB80H/HO-NB80H', '禾聯(HERAN)', '5.12', 1856, '7.9'),
('HI-NB85/HO-NB85', '禾聯(HERAN)', '5.12', 1972, '8.4'),
('HI-NB85H/HO-NB85H', '禾聯(HERAN)', '5.12', 1972, '8.4'),
('HI-T23/HO-T23', '禾聯(HERAN)', '5.94', 460, '2.3'),
('HI-T23H/HO-T23H', '禾聯(HERAN)', '5.94', 460, '2.3'),
('HI-T28/HO-T28', '禾聯(HERAN)', '5.94', 560, '2.8'),
('HI-T28H/HO-T28H', '禾聯(HERAN)', '5.94', 560, '2.8'),
('HI-T32/HO-T32', '禾聯(HERAN)', '5.94', 640, '3.2'),
('HI-T32H/HO-T32H', '禾聯(HERAN)', '5.94', 640, '3.2'),
('HI-T36/HO-T36', '禾聯(HERAN)', '5.94', 720, '3.6'),
('HI-T36H/HO-T36H', '禾聯(HERAN)', '5.94', 720, '3.6'),
('HI-T41/HO-T41', '禾聯(HERAN)', '5.38', 927, '4.2'),
('HI-T41H/HO-T41H', '禾聯(HERAN)', '5.38', 927, '4.2'),
('HI-T50/HO-T50', '禾聯(HERAN)', '5.38', 1104, '4.9'),
('HI-T50H/HO-T50H', '禾聯(HERAN)', '5.38', 1104, '4.9'),
('HI-T56/HO-T56', '禾聯(HERAN)', '5.38', 1236, '5.5'),
('HI-T56H/HO-T56H', '禾聯(HERAN)', '5.38', 1236, '5.5'),
('HI-T63/HO-T63', '禾聯(HERAN)', '5.38', 1457, '6.5'),
('HI-T63H/HO-T63H', '禾聯(HERAN)', '5.38', 1457, '6.5'),
('HI-T72/HO-T72', '禾聯(HERAN)', '5.13', 1714, '7.3'),
('HI-T72H/HO-T72H', '禾聯(HERAN)', '5.13', 1714, '7.3'),
('HI-X23/HO-X23', '禾聯(HERAN)', '5.94', 460, '2.3'),
('HI-X23H/HO-X23H', '禾聯(HERAN)', '5.94', 460, '2.3'),
('HI-X28/HO-X28', '禾聯(HERAN)', '5.94', 560, '2.8'),
('HI-X28H/HO-X28H', '禾聯(HERAN)', '5.94', 560, '2.8'),
('HI-X32/HO-X32', '禾聯(HERAN)', '5.94', 640, '3.2'),
('HI-X32H/HO-X32H', '禾聯(HERAN)', '5.94', 640, '3.2'),
('HI-X36/HO-X36', '禾聯(HERAN)', '5.94', 720, '3.6'),
('HI-X36H/HO-X36H', '禾聯(HERAN)', '5.94', 720, '3.6'),
('HI-X41/HO-X41', '禾聯(HERAN)', '5.38', 927, '4.2'),
('HI-X41H/HO-X41H', '禾聯(HERAN)', '5.38', 927, '4.2'),
('HI-X50/HO-X50', '禾聯(HERAN)', '5.38', 1104, '4.9'),
('HI-X50H/HO-X50H', '禾聯(HERAN)', '5.38', 1104, '4.9'),
('HI-X56/HO-X56', '禾聯(HERAN)', '5.38', 1236, '5.5'),
('HI-X56H/HO-X56H', '禾聯(HERAN)', '5.38', 1236, '5.5'),
('HI-X63/HO-X63', '禾聯(HERAN)', '5.38', 1457, '6.5'),
('HI-X63H/HO-X63H', '禾聯(HERAN)', '5.38', 1457, '6.5'),
('HI-X72/HO-X72', '禾聯(HERAN)', '5.13', 1714, '7.3'),
('HI-X72H/HO-X72H', '禾聯(HERAN)', '5.13', 1714, '7.3'),
('HI-Y23/HO-Y23', '禾聯(HERAN)', '5.94', 460, '2.3'),
('HI-Y23H/HO-Y23H', '禾聯(HERAN)', '5.94', 460, '2.3'),
('HI-Y28/HO-Y28', '禾聯(HERAN)', '5.94', 560, '2.8'),
('HI-Y28H/HO-Y28H', '禾聯(HERAN)', '5.94', 560, '2.8'),
('HI-Y36/HO-Y36', '禾聯(HERAN)', '5.94', 720, '3.6'),
('HI-Y36H/HO-Y36H', '禾聯(HERAN)', '5.94', 720, '3.6'),
('HI-Y41/HO-Y41', '禾聯(HERAN)', '5.38', 971, '4.4'),
('HI-Y41H/HO-Y41H', '禾聯(HERAN)', '5.38', 971, '4.4'),
('HI-Y50/HO-Y50', '禾聯(HERAN)', '5.38', 1170, '5.2'),
('HI-Y50H/HO-Y50H', '禾聯(HERAN)', '5.38', 1170, '5.2'),
('HI-Y63/HO-Y63', '禾聯(HERAN)', '5.38', 1435, '6.4'),
('HI-Y63H/HO-Y63H', '禾聯(HERAN)', '5.38', 1435, '6.4'),
('HI-Y72/HO-Y72', '禾聯(HERAN)', '5.12', 1717, '7.3'),
('HI-Y72H/HO-Y72H', '禾聯(HERAN)', '5.12', 1717, '7.3'),
('HI-Y80/HO-Y80', '禾聯(HERAN)', '5.12', 1856, '7.9'),
('HI-Y80H/HO-Y80H', '禾聯(HERAN)', '5.12', 1856, '7.9'),
('HI-Y85/HO-Y85', '禾聯(HERAN)', '5.12', 1972, '8.4'),
('HI-Y85H/HO-Y85H', '禾聯(HERAN)', '5.12', 1972, '8.4'),
('HI-Z23/HO-Z23', '禾聯(HERAN)', '5.94', 460, '2.3'),
('HI-Z23H/HO-Z23H', '禾聯(HERAN)', '5.94', 460, '2.3'),
('HI-Z28/HO-Z28', '禾聯(HERAN)', '5.94', 560, '2.8'),
('HI-Z28H/HO-Z28H', '禾聯(HERAN)', '5.94', 560, '2.8'),
('HI-Z36/HO-Z36', '禾聯(HERAN)', '5.94', 720, '3.6'),
('HI-Z36H/HO-Z36H', '禾聯(HERAN)', '5.94', 720, '3.6'),
('HI-Z41/HO-Z41', '禾聯(HERAN)', '5.38', 905, '4.1'),
('HI-Z41H/HO-Z41H', '禾聯(HERAN)', '5.38', 905, '4.1'),
('HI-Z50/HO-Z50', '禾聯(HERAN)', '5.38', 1104, '4.9'),
('HI-Z50H/HO-Z50H', '禾聯(HERAN)', '5.38', 1104, '4.9'),
('HI-Z72/HO-Z72', '禾聯(HERAN)', '5.12', 1671, '7.1'),
('HI-Z72H/HO-Z72H', '禾聯(HERAN)', '5.12', 1671, '7.1'),
('HI-Z85/HO-Z85', '禾聯(HERAN)', '5.12', 1972, '8.4'),
('HI-Z85H/HO-Z85H', '禾聯(HERAN)', '5.12', 1972, '8.4'),
('HIS-C112/HO-C112D', '禾聯(HERAN)', '5.04', 3159, '13.3'),
('HIS-C112D/HO-C112D', '禾聯(HERAN)', '5.04', 3159, '13.3'),
('HIS-C112DH/HO-C112DH', '禾聯(HERAN)', '5.04', 3159, '13.3'),
('HIS-C112H/HO-C112DH', '禾聯(HERAN)', '5.04', 3159, '13.3'),
('HIS-C140/HO-C140D', '禾聯(HERAN)', '5.04', 3419, '14.4'),
('HIS-C140D/HO-C140D', '禾聯(HERAN)', '5.04', 3419, '14.4'),
('HIS-C140DH/HO-C140DH', '禾聯(HERAN)', '5.04', 3419, '14.4'),
('HIS-C140H/HO-C140DH', '禾聯(HERAN)', '5.04', 3419, '14.4'),
('HL-112V / MHL-112V', '海力(HI-LI)', '5.04', 2640, '11.1'),
('HL-112VH / MHL-112VH', '海力(HI-LI)', '5.04', 2640, '11.1'),
('HL-23MV/MHL-23MV', '海力(HI-LI)', '5.94', 460, '2.3'),
('HL-28MV/MHL-28MV', '海力(HI-LI)', '5.94', 560, '2.8'),
('HL-28V / HL2-2828V', '海力(HI-LI)', '5.34', 1246, '5.5'),
('HL-28VH / HL2-2828VH', '海力(HI-LI)', '5.34', 1246, '5.5'),
('HL-36MV/MHL-36MV', '海力(HI-LI)', '5.94', 720, '3.6'),
('HL-41MV/MHL-41MV', '海力(HI-LI)', '5.34', 912, '4.1'),
('HL-41V / HL2-4141V', '海力(HI-LI)', '5.12', 1903, '8.1'),
('HL-41VH / HL2-4141VH', '海力(HI-LI)', '5.12', 1903, '8.1'),
('HL-50MV/MHL-50MV', '海力(HI-LI)', '5.34', 1112, '4.9'),
('HL-50V / HL2-5050V', '海力(HI-LI)', '5.04', 2381, '10.0'),
('HL-50VH / HL2-5050VH', '海力(HI-LI)', '5.04', 2381, '10.0'),
('HL-72MV/MHL-72MV', '海力(HI-LI)', '5.12', 1671, '7.1'),
('HL-72V / HL2-7272V', '海力(HI-LI)', '5.04', 3395, '14.3'),
('HL-72VH / HL2-7272VH', '海力(HI-LI)', '5.04', 3395, '14.3'),
('HL-85MV/MHL-85MV', '海力(HI-LI)', '5.12', 1972, '8.4'),
('HL-85V/MHL-85V', '海力(HI-LI)', '5.12', 1972, '8.4'),
('HL-85VH/MHL-85VH', '海力(HI-LI)', '5.12', 1972, '8.4'),
('HL-90MV/MHL-90MV', '海力(HI-LI)', '5.12', 2088, '8.9'),
('HL-90V / MHL-90V', '海力(HI-LI)', '5.12', 2088, '8.9'),
('HL-90VH / MHL-90VH', '海力(HI-LI)', '5.12', 2088, '8.9'),
('HW-GL23', '禾聯(HERAN)', '4.42', 645, '2.4'),
('HW-GL28', '禾聯(HERAN)', '4.42', 752, '2.8'),
('HW-GL36', '禾聯(HERAN)', '4.42', 967, '3.6'),
('HW-GL41', '禾聯(HERAN)', '4.17', 1168, '4.1'),
('HW-GL50', '禾聯(HERAN)', '4.17', 1538, '5.3'),
('HW-GL56', '禾聯(HERAN)', '4.17', 1595, '5.5'),
('HW-GL63', '禾聯(HERAN)', '4.20', 1952, '6.8'),
('HW-GL72', '禾聯(HERAN)', '4.17', 2108, '7.3'),
('JAC-K28HC/JAC-K28HCV', '特菱(TORUS)', '6.09', 546, '2.8'),
('JAC-K36HC/JAC-K36HCV', '特菱(TORUS)', '5.96', 717, '3.6'),
('JAC-K42HC/JAC-K42HCV', '特菱(TORUS)', '5.74', 869, '4.2'),
('JAC-K50HC/JAC-K50HCV', '特菱(TORUS)', '5.85', 1015, '4.9'),
('JAC-K63HC/JAC-K63HCV', '特菱(TORUS)', '5.43', 1378, '6.2'),
('JAC-K72HC/JAC-K72HCV', '特菱(TORUS)', '5.18', 1651, '7.1'),
('JCV-28AF-C/JSV-28AF-C', '金鼎(JINTING)', '6.06', 549, '2.8'),
('JCV-28AF-H-C/JSV-28AF-H-C', '金鼎(JINTING)', '6.06', 549, '2.8'),
('JCV-36AF-H/JSV-36AF-H', '金鼎(JINTING)', '5.95', 719, '3.6'),
('JCV-36AF/JSV-36AF', '金鼎(JINTING)', '5.95', 719, '3.6'),
('JCV-41AF-H/JSV-41AF-H', '金鼎(JINTING)', '5.44', 895, '4.1'),
('JCV-41AF/JSV-41AF', '金鼎(JINTING)', '5.44', 895, '4.1'),
('JCV-41HD /JSV-41HD', '金鼎(JINTING)', '5.40', 902, '4.1'),
('JCV-50AF-H/JSV-50AF-H', '金鼎(JINTING)', '5.33', 1114, '4.9'),
('JCV-50AF/JSV-50AF', '金鼎(JINTING)', '5.33', 1114, '4.9'),
('JCV-63AF-H/JSV-63AF-H', '金鼎(JINTING)', '5.33', 1404, '6.2'),
('JCV-63AF/JSV-63AF', '金鼎(JINTING)', '5.33', 1404, '6.2'),
('JCV-72AF-H/JSV-72AF-H', '金鼎(JINTING)', '5.11', 1674, '7.1'),
('JCV-72AF/JSV-72AF', '金鼎(JINTING)', '5.11', 1674, '7.1'),
('KA-112V / MKA-112V', '品冠', '5.04', 2640, '11.1'),
('KA-112VH / MKA-112VH', '品冠', '5.04', 2640, '11.1'),
('KA-23MV/MKA-23MV', '品冠', '5.94', 460, '2.3'),
('KA-28MV/MKA-28MV', '品冠', '5.94', 560, '2.8'),
('KA-28V/KA2-2828V', '品冠', '5.34', 1246, '5.5'),
('KA-28VH/KA2-2828VH', '品冠', '5.34', 1246, '5.5'),
('KA-36MV/MKA-36MV', '品冠', '5.94', 720, '3.6'),
('KA-41MV/MKA-41MV', '品冠', '5.34', 912, '4.1'),
('KA-41V/KA2-4141V', '品冠', '5.12', 1903, '8.1'),
('KA-41VH/KA2-4141VH', '品冠', '5.12', 1903, '8.1'),
('KA-50MV/MKA-50MV', '品冠', '5.34', 1112, '4.9'),
('KA-50V/KA2-5050V', '品冠', '5.04', 2381, '10.0'),
('KA-50VH/KA2-5050VH', '品冠', '5.04', 2381, '10.0'),
('KA-72MV/MKA-72MV', '品冠', '5.12', 1671, '7.1'),
('KA-72V/KA2-7272V', '品冠', '5.04', 3395, '14.3');
INSERT INTO `冷氣` (`產品型號`, `商標名稱`, `能源效率`, `年耗電量`, `冷氣能力`) VALUES
('KA-72VH/KA2-7272VH', '品冠', '5.04', 3395, '14.3'),
('KA-85MV/MKA-85MV', '品冠', '5.12', 1972, '8.4'),
('KA-85V/MKA-85V', '品冠', '5.12', 1972, '8.4'),
('KA-85VH/MKA-85VH', '品冠', '5.12', 1972, '8.4'),
('KA-90MV/MKA-90MV', '品冠', '5.12', 2088, '8.9'),
('KA-90V / MKA-90V', '品冠', '5.12', 2088, '8.9'),
('KA-90VH / MKA-90VH', '品冠', '5.12', 2088, '8.9'),
('KCV-28AF-C/KSV-28AF-C', '金菱(KINLIN)', '6.06', 549, '2.8'),
('KCV-28AFH-C/KSV-28AFH-C', '金菱(KINLIN)', '6.06', 549, '2.8'),
('KCV-36AF/KSV-36AF', '金菱(KINLIN)', '5.95', 719, '3.6'),
('KCV-36AFH/KSV-36AFH', '金菱(KINLIN)', '5.95', 719, '3.6'),
('KCV-41AF/KSV-41AF', '金菱(KINLIN)', '5.44', 895, '4.1'),
('KCV-41AFH/KSV-41AFH', '金菱(KINLIN)', '5.44', 895, '4.1'),
('KCV-50AF/KSV-50AF', '金菱(KINLIN)', '5.33', 1114, '4.9'),
('KCV-50AFH/KSV-50AFH', '金菱(KINLIN)', '5.33', 1114, '4.9'),
('KCV-63AF/KSV-63AF', '金菱(KINLIN)', '5.33', 1404, '6.2'),
('KCV-63AFH/KSV-63AFH', '金菱(KINLIN)', '5.33', 1404, '6.2'),
('KCV-72AF/KSV-72AF', '金菱(KINLIN)', '5.11', 1674, '7.1'),
('KCV-72AFH/KSV-72AFH', '金菱(KINLIN)', '5.11', 1674, '7.1'),
('KMH-A22SB/GMH-A22FB', '泰陽(TAIYO)', '5.93', 440, '2.2'),
('KMH-A28SB/GMH-A28FB', '泰陽(TAIYO)', '5.93', 561, '2.8'),
('KMH-A36SB/GMH-A36FB', '泰陽(TAIYO)', '5.93', 721, '3.6'),
('KMH-A40SB/GMH-A40FB', '泰陽(TAIYO)', '5.33', 914, '4.1'),
('KMH-A50SB/GMH-A50FB', '泰陽(TAIYO)', '5.33', 1114, '4.9'),
('KMH-A63SB/GMH-A63FB', '泰陽(TAIYO)', '5.33', 1449, '6.4'),
('KMH-A74SB/GMH-A74FB', '泰陽(TAIYO)', '5.11', 1720, '7.3'),
('KMH-A85SB/GMH-A85FB', '泰陽(TAIYO)', '5.11', 1976, '8.4'),
('KSA-282DC09/KDC-28209', '歌林(KOLIN)', '5.94', 560, '2.8'),
('KSA-282DV09/KDV-28209', '歌林(KOLIN)', '5.94', 560, '2.8'),
('KSA-362DC09/KDC-36209', '歌林(KOLIN)', '5.93', 721, '3.6'),
('KSA-412DC09/KDC-41209', '歌林(KOLIN)', '5.33', 914, '4.1'),
('KSA-412DV09/KDV-41209', '歌林(KOLIN)', '5.33', 914, '4.1'),
('KSA-502DC09/KDC-50209', '歌林(KOLIN)', '5.33', 1114, '4.9'),
('KSA-502DV09/KDV-50209', '歌林(KOLIN)', '5.33', 1114, '4.9'),
('KSA-632DC09/KDC-63209', '歌林(KOLIN)', '5.50', 1361, '6.2'),
('KSA-722DC09/KDC-72209', '歌林(KOLIN)', '5.40', 1584, '7.1'),
('LSU1018ACO/LSN1018ACO', '樂金(LG)', '5.94', 560, '2.8'),
('LSU1217DCO/LSN1217DCO', '樂金(LG)', '6.10', 681, '3.5'),
('LSU1217DHP/LSN1217DHP', '樂金(LG)', '6.10', 681, '3.5'),
('LSU1218ACO/LSN1218ACO', '樂金(LG)', '5.95', 699, '3.5'),
('LSU1218SCO/LSN1218SCO', '樂金(LG)', '5.95', 699, '3.5'),
('LSU1417DCO/LSN1417DCO', '樂金(LG)', '5.65', 862, '4.1'),
('LSU1417DHP / LSN1417DHP', '樂金(LG)', '5.65', 862, '4.1'),
('LSU1418SCO/LSN1418SCO', '樂金(LG)', '5.47', 890, '4.1'),
('LSU1518ACO/LSN1518ACO', '樂金(LG)', '5.34', 979, '4.4'),
('LSU1815WHP/LSN1815WHP', '樂金(LG)', '5.33', 1159, '5.1'),
('MS22IC-BV/MA22IC-BV', '東元(TECO)', '5.93', 440, '2.2'),
('MS22IC-ZR/MA22IC-ZR', '東元(TECO)', '5.93', 440, '2.2'),
('MS22IE-HS/MA22IC-HS', '東元(TECO)', '5.93', 440, '2.2'),
('MS22IE-HS/MA22IH-HS', '東元(TECO)', '5.93', 440, '2.2'),
('MS22IH-BV/MA22IH-BV', '東元(TECO)', '5.93', 440, '2.2'),
('MS22IH-LV/MA22IH-LV', '東元(TECO)', '5.93', 440, '2.2'),
('MS22IH-ZR/MA22IH-ZR', '東元(TECO)', '5.93', 440, '2.2'),
('MS28IC-BV/MA28IC-BV', '東元(TECO)', '5.93', 561, '2.8'),
('MS28IC-ZR/MA28IC-ZR', '東元(TECO)', '5.93', 561, '2.8'),
('MS28IC-ZR1/MA28IC-ZR1', '東元(TECO)', '5.94', 560, '2.8'),
('MS28IE-HS/MA28IC-HS', '東元(TECO)', '5.93', 561, '2.8'),
('MS28IE-HS/MA28IH-HS', '東元(TECO)', '5.93', 561, '2.8'),
('MS28IH-BV/MA28IH-BV', '東元(TECO)', '5.93', 561, '2.8'),
('MS28IH-LV/MA28IH-LV', '東元(TECO)', '5.93', 561, '2.8'),
('MS28IH-ZR/MA28IH-ZR', '東元(TECO)', '5.93', 561, '2.8'),
('MS36IC-ZR1/MA36IC-ZR1', '東元(TECO)', '5.95', 719, '3.6'),
('MS36IE-HS/MA36IC-HS', '東元(TECO)', '5.93', 721, '3.6'),
('MS36IE-HS/MA36IH-HS', '東元(TECO)', '5.93', 721, '3.6'),
('MS40IC-BV/MA40IC-BV', '東元(TECO)', '5.33', 914, '4.1'),
('MS40IC-ZR/MA40IC-ZR', '東元(TECO)', '5.33', 914, '4.1'),
('MS40IC-ZR2/MA40IC-ZR2', '東元(TECO)', '5.33', 914, '4.1'),
('MS40IE-HS/MA40IC-HS', '東元(TECO)', '5.33', 914, '4.1'),
('MS40IE-HS/MA40IH-HS', '東元(TECO)', '5.33', 914, '4.1'),
('MS40IH-BV/MA40IH-BV', '東元(TECO)', '5.33', 914, '4.1'),
('MS40IH-ZR/MA40IH-ZR', '東元(TECO)', '5.33', 914, '4.1'),
('MS40IH-ZR2/MA40IH-ZR2', '東元(TECO)', '5.33', 914, '4.1'),
('MS50IC-BV/MA50IC-BV', '東元(TECO)', '5.45', 1090, '5.0'),
('MS50IC-ZR/MA50IC-ZR', '東元(TECO)', '5.45', 1090, '5.0'),
('MS50IC-ZR2/MA50IC-ZR2', '東元(TECO)', '5.33', 1114, '4.9'),
('MS50IH-BV/MA50IH-BV', '東元(TECO)', '5.45', 1090, '5.0'),
('MS50IH-LV/MA50IH-LV', '東元(TECO)', '5.45', 1090, '5.0'),
('MS50IH-ZR/MA50IH-ZR', '東元(TECO)', '5.45', 1090, '5.0'),
('MS50IH-ZR2/MA50IH-ZR2', '東元(TECO)', '5.33', 1114, '4.9'),
('MS63IC-BV/MA63IC-BV', '東元(TECO)', '5.33', 1404, '6.2'),
('MS63IC-ZR/MA63IC-ZR', '東元(TECO)', '5.33', 1404, '6.2'),
('MS63IH-BV/MA63IH-BV', '東元(TECO)', '5.33', 1404, '6.2'),
('MS63IH-LV/MA63IH-LV', '東元(TECO)', '5.33', 1404, '6.2'),
('MS63IH-ZR/MA63IH-ZR', '東元(TECO)', '5.33', 1404, '6.2'),
('MS72IC-BV/MA72IC-BV', '東元(TECO)', '5.11', 1674, '7.1'),
('MS72IC-ZR/MA72IC-ZR', '東元(TECO)', '5.11', 1674, '7.1'),
('MS72IC-ZR2/MA72IC-ZR2', '東元(TECO)', '5.11', 1674, '7.1'),
('MS72IH-BV/MA72IH-BV', '東元(TECO)', '5.11', 1674, '7.1'),
('MS72IH-LV/MA72IH-LV', '東元(TECO)', '5.11', 1674, '7.1'),
('MS72IH-ZR/MA72IH-ZR', '東元(TECO)', '5.11', 1674, '7.1'),
('MS72IH-ZR2/MA72IH-ZR2', '東元(TECO)', '5.11', 1674, '7.1'),
('MS80IC-BV/MA80IC-BV', '東元(TECO)', '5.11', 1860, '7.9'),
('MS80IC-ZR/MA80IC-ZR', '東元(TECO)', '5.11', 1860, '7.9'),
('MS80IH-BV/MA80IH-BV', '東元(TECO)', '5.11', 1860, '7.9'),
('MS80IH-LV/MA80IH-LV', '東元(TECO)', '5.11', 1860, '7.9'),
('MS80IH-ZR/MA80IH-ZR', '東元(TECO)', '5.11', 1860, '7.9'),
('MSZ-EF25NAB/MUZ-EF25NA', '三菱(MITSUBISHI)', '6.83', 434, '2.5'),
('MSZ-EF25NAS/MUZ-EF25NA', '三菱(MITSUBISHI)', '6.83', 434, '2.5'),
('MSZ-EF42NAB/MUZ-EF42NA', '三菱(MITSUBISHI)', '5.54', 879, '4.1'),
('MSZ-EF42NAS/MUZ-EF42NA', '三菱(MITSUBISHI)', '5.54', 879, '4.1'),
('MSZ-GE22NA/MXZ-4C80NA', '三菱(MITSUBISHI)', '5.40', 1760, '7.9'),
('MSZ-GE22NA/MXZ-5C100NA', '三菱(MITSUBISHI)', '5.24', 2267, '9.9'),
('MSZ-GE22NA/MXZ-6C112NAM', '三菱(MITSUBISHI)', '5.84', 2279, '11.1'),
('MSZ-GE22NA/MXZ-8C140NAM', '三菱(MITSUBISHI)', '5.74', 2898, '13.9'),
('MSZ-GE22NA/MXZ-8C160NAM', '三菱(MITSUBISHI)', '5.70', 3231, '15.3'),
('MUY-GE22NA/MSY-GE22NA', '三菱(MITSUBISHI)', '6.46', 404, '2.2'),
('MUY-GE25NA/MSY-GE25NA', '三菱(MITSUBISHI)', '7.02', 423, '2.5'),
('MUY-GE60NA/MSY-GE60NA', '三菱(MITSUBISHI)', '5.51', 1294, '5.9'),
('MUY-GE71NA/MSY-GE71NA', '三菱(MITSUBISHI)', '5.37', 1460, '6.5'),
('MUZ-EF25NA/MSZ-EF25NAW', '三菱(MITSUBISHI)', '6.83', 434, '2.5'),
('MUZ-EF42NA/MSZ-EF42NAW', '三菱(MITSUBISHI)', '5.54', 879, '4.1'),
('MUZ-FH25NA/MSZ-FH25NA', '三菱(MITSUBISHI)', '6.72', 442, '2.5'),
('MUZ-GE22NA/MSZ-GE22NA', '三菱(MITSUBISHI)', '6.46', 404, '2.2'),
('MUZ-GE25NA/MSZ-GE25NA', '三菱(MITSUBISHI)', '7.02', 423, '2.5'),
('MUZ-GE60NA/MSZ-GE60NA', '三菱(MITSUBISHI)', '5.51', 1294, '5.9'),
('MUZ-GE71NA/MSZ-GE71NA', '三菱(MITSUBISHI)', '5.37', 1460, '6.5'),
('MVC-08HT/MVS-08HT', '北鄉(NORTH)', '5.93', 440, '2.2'),
('MVC-10HT/MVS-10HT', '北鄉(NORTH)', '5.93', 561, '2.8'),
('MVC-12HT/MVS-12HT', '北鄉(NORTH)', '5.93', 721, '3.6'),
('MVC-14HT/MVS-14HT', '北鄉(NORTH)', '5.33', 914, '4.1'),
('MVC-18HT/MVS-18HT', '北鄉(NORTH)', '5.33', 1114, '4.9'),
('MVC-22HT/MVS-22HT', '北鄉(NORTH)', '5.33', 1449, '6.4'),
('MVC-25HT/MVS-25HT', '北鄉(NORTH)', '5.11', 1720, '7.3'),
('MVC-30HT/MVS-30HT', '北鄉(NORTH)', '5.11', 1976, '8.4'),
('MVC-A22HB/MVS-A22HB', '美的(MIDEA)', '5.93', 440, '2.2'),
('MVC-A28HB/MVS-A28HB', '美的(MIDEA)', '5.93', 561, '2.8'),
('MVC-A36HB/MVS-A36HB', '美的(MIDEA)', '5.93', 721, '3.6'),
('MVC-A40HB/MVS-A40HB', '美的(MIDEA)', '5.33', 914, '4.1'),
('MVC-A50HB/MVS-A50HB', '美的(MIDEA)', '5.33', 1114, '4.9'),
('MVC-A63HB/MVS-A63HB', '美的(MIDEA)', '5.33', 1449, '6.4'),
('MVC-A74HB/MVS-A74HB', '美的(MIDEA)', '5.11', 1720, '7.3'),
('MVC-A85HB/MVS-A85HB', '美的(MIDEA)', '5.11', 1976, '8.4'),
('NFC-10HPD-C/NFS-10HPD-C', '北鄉(NORTH)', '6.06', 549, '2.8'),
('NFC-10PD-C/NFS-10PD-C', '北鄉(NORTH)', '6.06', 549, '2.8'),
('NFC-12HPD/NFS-12HPD', '北鄉(NORTH)', '5.95', 719, '3.6'),
('NFC-12PD/NFS-12PD', '北鄉(NORTH)', '5.95', 719, '3.6'),
('NFC-14HPD/NFS-14HPD', '北鄉(NORTH)', '5.44', 895, '4.1'),
('NFC-14PD/NFS-14PD', '北鄉(NORTH)', '5.44', 895, '4.1'),
('NFC-18HPD/NFS-18HPD', '北鄉(NORTH)', '5.33', 1114, '4.9'),
('NFC-18PD/NFS-18PD', '北鄉(NORTH)', '5.33', 1114, '4.9'),
('NFC-22HPD/NFS-22HPD', '北鄉(NORTH)', '5.33', 1404, '6.2'),
('NFC-22PD/NFS-22PD', '北鄉(NORTH)', '5.33', 1404, '6.2'),
('NFC-25HPD/NFS-25HPD', '北鄉(NORTH)', '5.11', 1674, '7.1'),
('NFC-25PD/NFS-25PD', '北鄉(NORTH)', '5.11', 1674, '7.1'),
('PO-28CFV/PI-28CFV', '惠而浦(WHIRLPOOL)', '6.09', 546, '2.8'),
('PO-36CFV/PI-36CFV', '惠而浦(WHIRLPOOL)', '5.96', 717, '3.6'),
('PO-72CFV/PI-72CFV', '惠而浦(WHIRLPOOL)', '5.18', 1651, '7.1'),
('R-232DDHN/FT-232DDHN', '大同(TATUNG)', '5.93', 440, '2.2'),
('R-232DDHN/FT-232DDSN', '大同(TATUNG)', '5.93', 440, '2.2'),
('R-232DDHN/FT-232DDSN(WI)', '大同(TATUNG)', '5.93', 440, '2.2'),
('R-232DDHN/SF-232DDGN', '大同(TATUNG)', '5.93', 440, '2.2'),
('R-232DYHN/FT-232DYHN', '大同(TATUNG)', '5.93', 440, '2.2'),
('R-232DYHN/FT-232DYSN', '大同(TATUNG)', '5.93', 440, '2.2'),
('R-232DYHN/FT-232DYSN(WI)', '大同(TATUNG)', '5.93', 440, '2.2'),
('R-282DDHN/FT-282DDHN', '大同(TATUNG)', '5.94', 560, '2.8'),
('R-282DDHN/FT-282DDSN', '大同(TATUNG)', '5.94', 560, '2.8'),
('R-282DDHN/FT-282DDSN(WI)', '大同(TATUNG)', '5.94', 560, '2.8'),
('R-282DDHN/SF-282DDGN', '大同(TATUNG)', '5.94', 560, '2.8'),
('R-282DYHN/FT-282DYHN', '大同(TATUNG)', '5.94', 560, '2.8'),
('R-282DYHN/FT-282DYSN', '大同(TATUNG)', '5.94', 560, '2.8'),
('R-282DYHN/FT-282DYSN(WI)', '大同(TATUNG)', '5.94', 560, '2.8'),
('R-362DDHN/FT-362DDHN', '大同(TATUNG)', '5.93', 721, '3.6'),
('R-362DDHN/FT-362DDSN', '大同(TATUNG)', '5.93', 721, '3.6'),
('R-362DDHN/FT-362DDSN(WI)', '大同(TATUNG)', '5.93', 721, '3.6'),
('R-362DDHN/SF-362DDGN', '大同(TATUNG)', '5.93', 721, '3.6'),
('R-362DYHN/FT-362DYHN', '大同(TATUNG)', '5.93', 721, '3.6'),
('R-362DYHN/FT-362DYSN', '大同(TATUNG)', '5.93', 721, '3.6'),
('R-362DYHN/FT-362DYSN(WI)', '大同(TATUNG)', '5.93', 721, '3.6'),
('R-422DDHN/FT-422DDHN', '大同(TATUNG)', '5.45', 915, '4.2'),
('R-422DDHN/FT-422DDSN', '大同(TATUNG)', '5.45', 915, '4.2'),
('R-422DDHN/FT-422DDSN(WI)', '大同(TATUNG)', '5.45', 915, '4.2'),
('R-422DYHN/FT-422DYHN', '大同(TATUNG)', '5.45', 915, '4.2'),
('R-422DYHN/FT-422DYSN', '大同(TATUNG)', '5.45', 915, '4.2'),
('R-422DYHN/FT-422DYSN(WI)', '大同(TATUNG)', '5.45', 915, '4.2'),
('R-502DDHN/FT-502DDHN', '大同(TATUNG)', '5.45', 1090, '5.0'),
('R-502DDHN/FT-502DDSN', '大同(TATUNG)', '5.45', 1090, '5.0'),
('R-502DDHN/FT-502DDSN(WI)', '大同(TATUNG)', '5.45', 1090, '5.0'),
('R-502DYHN/FT-502DYHN', '大同(TATUNG)', '5.45', 1090, '5.0'),
('R-502DYHN/FT-502DYSN', '大同(TATUNG)', '5.45', 1090, '5.0'),
('R-502DYHN/FT-502DYSN(WI)', '大同(TATUNG)', '5.45', 1090, '5.0'),
('R-632DDHN/FT-632DDHN', '大同(TATUNG)', '5.34', 1402, '6.2'),
('R-632DDHN/FT-632DDKN', '大同(TATUNG)', '5.34', 1402, '6.2'),
('R-632DDHN/FT-632DDSN', '大同(TATUNG)', '5.34', 1402, '6.2'),
('R-632DDHN/FT-632DDSN(WI)', '大同(TATUNG)', '5.34', 1402, '6.2'),
('R-632DYHN/FT-632DYHN', '大同(TATUNG)', '5.34', 1402, '6.2'),
('R-632DYHN/FT-632DYSN', '大同(TATUNG)', '5.34', 1402, '6.2'),
('R-632DYHN/FT-632DYSN(WI)', '大同(TATUNG)', '5.34', 1402, '6.2'),
('R-732DDHN/FT-732DDHN', '大同(TATUNG)', '5.12', 1694, '7.2'),
('R-732DDHN/FT-732DDKN', '大同(TATUNG)', '5.12', 1694, '7.2'),
('R-732DDHN/FT-732DDSN', '大同(TATUNG)', '5.12', 1694, '7.2'),
('R-732DDHN/FT-732DDSN(WI)', '大同(TATUNG)', '5.12', 1694, '7.2'),
('R-732DYHN/FT-732DYHN', '大同(TATUNG)', '5.12', 1694, '7.2'),
('R-732DYHN/FT-732DYSN', '大同(TATUNG)', '5.12', 1694, '7.2'),
('R-732DYHN/FT-732DYSN(WI)', '大同(TATUNG)', '5.12', 1694, '7.2'),
('R-802DDCN/FT-802DDRN', '大同(TATUNG)', '5.12', 1856, '7.9'),
('R-802DDHN/FT-802DDHN', '大同(TATUNG)', '5.50', 1728, '7.9'),
('R-802DDRN/FT-802DDRN', '大同(TATUNG)', '5.12', 1856, '7.9'),
('R-802DDVN/FT-802DDRN', '大同(TATUNG)', '5.12', 1856, '7.9'),
('R-802DYHN/FT-802DYHN', '大同(TATUNG)', '5.50', 1728, '7.9'),
('R-802DYRN/FT-802DYRN', '大同(TATUNG)', '5.12', 1856, '7.9'),
('R-802DYVN/FT-802DYRN', '大同(TATUNG)', '5.12', 1856, '7.9'),
('RA-112V / MAS-112V', '萬士益(MAXE)', '5.04', 2640, '11.1'),
('RA-112VH / MAS-112VH', '萬士益(MAXE)', '5.04', 2640, '11.1'),
('RA-23MV/MAS-23MV', '萬士益(MAXE)', '5.94', 460, '2.3'),
('RA-28MV/MAS-28MV', '萬士益(MAXE)', '5.94', 560, '2.8'),
('RA-28NV', '日立(HITACHI)', '4.84', 687, '2.8'),
('RA-28QV', '日立(HITACHI)', '4.50', 739, '2.8'),
('RA-28V / MA2-2828V', '萬士益(MAXE)', '5.34', 1246, '5.5'),
('RA-28VH / MA2-2828VH', '萬士益(MAXE)', '5.34', 1246, '5.5'),
('RA-36MV/MAS-36MV', '萬士益(MAXE)', '5.94', 720, '3.6'),
('RA-36NV', '日立(HITACHI)', '4.46', 959, '3.6'),
('RA-36QV', '日立(HITACHI)', '4.42', 967, '3.6'),
('RA-40NA', '日立(HITACHI)', '4.55', 1070, '4.1'),
('RA-40NV', '日立(HITACHI)', '4.63', 1052, '4.1'),
('RA-40QV', '日立(HITACHI)', '4.40', 1107, '4.1'),
('RA-41MV/MAS-41MV', '萬士益(MAXE)', '5.34', 912, '4.1'),
('RA-41V / MA2-4141V', '萬士益(MAXE)', '5.12', 1903, '8.1'),
('RA-41VH/ MA2-4141VH', '萬士益(MAXE)', '5.12', 1903, '8.1'),
('RA-50MV/MAS-50MV', '萬士益(MAXE)', '5.34', 1112, '4.9'),
('RA-50NV', '日立(HITACHI)', '4.28', 1388, '5.0'),
('RA-50QV', '日立(HITACHI)', '4.16', 1428, '5.0'),
('RA-50V / MA2-5050V', '萬士益(MAXE)', '5.04', 2381, '10.0'),
('RA-50VH/ MA2-5050VH', '萬士益(MAXE)', '5.04', 2381, '10.0'),
('RA-60QV', '日立(HITACHI)', '4.16', 1714, '5.9'),
('RA-68QV', '日立(HITACHI)', '4.16', 1942, '6.7'),
('RA-72MV/MAS-72MV', '萬士益(MAXE)', '5.12', 1671, '7.1'),
('RA-72V / MA2-7272V', '萬士益(MAXE)', '5.04', 3395, '14.3'),
('RA-72VH/ MA2-7272VH', '萬士益(MAXE)', '5.04', 3395, '14.3'),
('RA-85MV/MAS-85MV', '萬士益(MAXE)', '5.12', 1972, '8.4'),
('RA-85V/MAS-85V', '萬士益(MAXE)', '5.12', 1972, '8.4'),
('RA-85VH/MAS-85VH', '萬士益(MAXE)', '5.12', 1972, '8.4'),
('RA-90MV/MAS-90MV', '萬士益(MAXE)', '5.12', 2088, '8.9'),
('RA-90V / MAS-90V', '萬士益(MAXE)', '5.12', 2088, '8.9'),
('RA-90VH / MAS-90VH', '萬士益(MAXE)', '5.12', 2088, '8.9'),
('RAS-110JX1/RAC-110JX1', '日立(HITACHI)', '5.30', 2466, '10.9'),
('RAS-110NX1/RAC-110NX1', '日立(HITACHI)', '5.30', 2466, '10.9'),
('RAS-22HK/RAC-22HK', '日立(HITACHI)', '6.45', 405, '2.2'),
('RAS-22HK1 / RAC-22HK1', '日立(HITACHI)', '6.65', 393, '2.2'),
('RAS-22JK/RAC-22JK', '日立(HITACHI)', '6.90', 378, '2.2'),
('RAS-22NK/RAC-22NK', '日立(HITACHI)', '6.90', 378, '2.2'),
('RAS-22QK/RAC-22QK', '日立(HITACHI)', '6.45', 405, '2.2'),
('RAS-22QK1 / RAC-22QK1', '日立(HITACHI)', '6.65', 393, '2.2'),
('RAS-22SCT/RAC-22SCT', '日立(HITACHI)', '7.51', 316, '2.0'),
('RAS-22SK/RAC-22SK', '日立(HITACHI)', '6.26', 417, '2.2'),
('RAS-22SK1/RAC-22SK1', '日立(HITACHI)', '6.26', 417, '2.2'),
('RAS-22YK/RAC-22YK', '日立(HITACHI)', '6.26', 417, '2.2'),
('RAS-22YK1/RAC-22YK1', '日立(HITACHI)', '6.26', 417, '2.2'),
('RAS-28HK/RAC-28HK', '日立(HITACHI)', '6.10', 545, '2.8'),
('RAS-28HK1 / RAC-28HK1', '日立(HITACHI)', '6.10', 545, '2.8'),
('RAS-28JK/RAC-28JK', '日立(HITACHI)', '6.85', 485, '2.8'),
('RAS-28NK/RAC-28NK', '日立(HITACHI)', '6.85', 485, '2.8'),
('RAS-28QK/RAC-28QK', '日立(HITACHI)', '6.10', 545, '2.8'),
('RAS-28QK1 / RAC-28QK1', '日立(HITACHI)', '6.10', 545, '2.8'),
('RAS-28SCT/RAC-28SCT', '日立(HITACHI)', '7.49', 444, '2.8'),
('RAS-36JK/RAC-36JK', '日立(HITACHI)', '6.81', 628, '3.6'),
('RAS-36NK/RAC-36NK', '日立(HITACHI)', '6.81', 628, '3.6'),
('RAS-36SCT/RAC-36SCT', '日立(HITACHI)', '7.39', 578, '3.6'),
('RAS-40HK/RAC-40HK', '日立(HITACHI)', '5.75', 847, '4.1'),
('RAS-40HK1 / RAC-40HK1', '日立(HITACHI)', '5.75', 847, '4.1'),
('RAS-40JK/RAC-40JK', '日立(HITACHI)', '6.61', 737, '4.1'),
('RAS-40NK/RAC-40NK', '日立(HITACHI)', '6.61', 737, '4.1'),
('RAS-40QK/RAC-40QK', '日立(HITACHI)', '5.75', 847, '4.1'),
('RAS-40QK1 / RAC-40QK1', '日立(HITACHI)', '5.75', 847, '4.1'),
('RAS-40SCT/RAC-40SCT', '日立(HITACHI)', '7.05', 674, '4.0'),
('RAS-40SK/RAC-40SK', '日立(HITACHI)', '5.45', 894, '4.1'),
('RAS-40SK1/RAC-40SK1', '日立(HITACHI)', '5.45', 894, '4.1'),
('RAS-40YK/RAC-40YK', '日立(HITACHI)', '5.45', 894, '4.1'),
('RAS-40YK1/RAC-40YK1', '日立(HITACHI)', '5.45', 894, '4.1'),
('RAS-50HK/RAC-50HK', '日立(HITACHI)', '5.59', 1062, '4.9'),
('RAS-50HK1 / RAC-50HK1', '日立(HITACHI)', '5.81', 1022, '4.9'),
('RAS-50JK/RAC-50JK', '日立(HITACHI)', '5.93', 1002, '5.0'),
('RAS-50NK/RAC-50NK', '日立(HITACHI)', '5.93', 1002, '5.0'),
('RAS-50QK/RAC-50QK', '日立(HITACHI)', '5.59', 1062, '4.9'),
('RAS-50QK1 / RAC-50QK1', '日立(HITACHI)', '5.81', 1022, '4.9'),
('RAS-63HK/RAC-63HK', '日立(HITACHI)', '5.48', 1366, '6.2'),
('RAS-63HK1 / RAC-63HK1', '日立(HITACHI)', '5.60', 1336, '6.2'),
('RAS-63JK/RAC-63JK', '日立(HITACHI)', '5.52', 1356, '6.2'),
('RAS-63NK/RAC-63NK', '日立(HITACHI)', '5.52', 1356, '6.2'),
('RAS-63QK/RAC-63QK', '日立(HITACHI)', '5.48', 1366, '6.2'),
('RAS-63QK1 / RAC-63QK1', '日立(HITACHI)', '5.60', 1336, '6.2'),
('RAS-71HK1 / RAC-71HK1', '日立(HITACHI)', '5.60', 1527, '7.1'),
('RAS-71JK/RAC-71JK', '日立(HITACHI)', '5.71', 1498, '7.1'),
('RAS-71NK/RAC-71NK', '日立(HITACHI)', '5.71', 1498, '7.1'),
('RAS-71QK1 / RAC-71QK1', '日立(HITACHI)', '5.60', 1527, '7.1'),
('RAS-80JX/RAC-80JX', '日立(HITACHI)', '5.51', 1725, '7.9'),
('RAS-80JX1/RAC-80JX1', '日立(HITACHI)', '5.77', 1647, '7.9'),
('RAS-80NX/RAC-80NX', '日立(HITACHI)', '5.51', 1725, '7.9'),
('RAS-80NX1/RAC-80NX1', '日立(HITACHI)', '5.77', 1647, '7.9'),
('RAS-81JK/RAC-81JK', '日立(HITACHI)', '5.41', 1757, '7.9'),
('RAS-81NK/RAC-81NK', '日立(HITACHI)', '5.41', 1757, '7.9'),
('RAS-90JK/RAC-90JK', '日立(HITACHI)', '5.37', 1925, '8.6'),
('RAS-90JX/RAC-90JX', '日立(HITACHI)', '5.51', 1854, '8.5'),
('RAS-90JX1/RAC-90JX1', '日立(HITACHI)', '5.61', 1842, '8.6'),
('RAS-90NK/RAC-90NK', '日立(HITACHI)', '5.37', 1925, '8.6'),
('RAS-90NX/RAC-90NX', '日立(HITACHI)', '5.51', 1854, '8.5'),
('RAS-90NX1/RAC-90NX1', '日立(HITACHI)', '5.61', 1842, '8.6'),
('RC-S22HF1/RB-S22HF1', '奇美(CHIMEI)', '5.93', 440, '2.2'),
('RC-S22HT2/RB-S22HT2', '奇美(CHIMEI)', '6.20', 421, '2.2'),
('RC-S28HF1/RB-S28HF1', '奇美(CHIMEI)', '5.93', 561, '2.8'),
('RC-S28HT2/ RB-S28HT2', '奇美(CHIMEI)', '6.09', 546, '2.8'),
('RC-S36HF1/ RB-S36HF1', '奇美(CHIMEI)', '5.93', 721, '3.6'),
('RC-S36HT2/ RB-S36HT2', '奇美(CHIMEI)', '5.96', 717, '3.6'),
('RC-S41HF1/RB-S41HF1', '奇美(CHIMEI)', '5.33', 914, '4.1'),
('RC-S42HT2/ RB-S42HT2', '奇美(CHIMEI)', '5.74', 869, '4.2'),
('RC-S50HF1/RB-S50HF1', '奇美(CHIMEI)', '5.33', 1114, '4.9'),
('RC-S50HT2/ RB-S50HT2', '奇美(CHIMEI)', '5.85', 1015, '4.9'),
('RC-S63HT2/ RB-S63HT2', '奇美(CHIMEI)', '5.43', 1378, '6.2'),
('RC-S65HF1/RB-S65HF1', '奇美(CHIMEI)', '5.33', 1449, '6.4'),
('RC-S72HT2/ RB-S72HT2', '奇美(CHIMEI)', '5.18', 1651, '7.1'),
('RC-S74HF1/ RB-S74HF1', '奇美(CHIMEI)', '5.11', 1720, '7.3'),
('RC-S85HF1/RB-S85HF1', '奇美(CHIMEI)', '5.11', 1976, '8.4'),
('RCI-36FR/RAM-140FB', '日立(HITACHI)', '6.86', 2425, '13.9'),
('RCI-40FH/RAM-160FB', '日立(HITACHI)', '6.63', 2867, '15.8'),
('RCI-40FH/RAM-6MN', '日立(HITACHI)', '5.88', 3233, '15.8'),
('RCI-40FH/RAM-6MND', '日立(HITACHI)', '5.74', 3312, '15.8'),
('RCI-50FF/RAM-200F', '日立(HITACHI)', '5.30', 4484, '19.8'),
('RCI-50FF/RAM-200FD', '日立(HITACHI)', '5.53', 4298, '19.8'),
('RCI-50FF/RAM-200FS', '日立(HITACHI)', '5.30', 4484, '19.8'),
('RCI-50FF/RAM-200FSD', '日立(HITACHI)', '5.53', 4298, '19.8'),
('RCI-56FN/RAM-112JKB', '日立(HITACHI)', '6.59', 2019, '11.1'),
('RCI-56FN/RAM-8MN', '日立(HITACHI)', '5.85', 4550, '22.2'),
('RCI-56FN/RAM-8MND', '日立(HITACHI)', '5.72', 4653, '22.2'),
('RCI-63FS/RAM-125JKB', '日立(HITACHI)', '6.49', 2288, '12.4'),
('RCI-63FS/RAM-5FNS', '日立(HITACHI)', '7.01', 2119, '12.4'),
('RCI-63FS/RAM-5FNSB', '日立(HITACHI)', '6.50', 2285, '12.4'),
('RCI-71FE/RAM-10MN', '日立(HITACHI)', '5.53', 6017, '27.7'),
('RCI-71FE/RAM-10MND', '日立(HITACHI)', '5.45', 6105, '27.7'),
('RCI-71FE/RAM-140JK', '日立(HITACHI)', '6.62', 2513, '13.9'),
('RCI-71FE/RAM-140JKB', '日立(HITACHI)', '6.04', 2754, '13.9'),
('RCI-71FE/RAM-140JKQB', '日立(HITACHI)', '6.10', 2727, '13.9'),
('RCI-71FE/RAM-6FNS', '日立(HITACHI)', '6.63', 2509, '13.9'),
('RCI-71FE/RAM-6FNSB', '日立(HITACHI)', '6.10', 2727, '13.9'),
('RCI-80FL/RAM-155JKQB', '日立(HITACHI)', '5.48', 3361, '15.3'),
('RHF20RVLT/FTHF20RVLT', '大金(DAIKIN)', '5.98', 437, '2.2'),
('RHF25RVLT/FTHF25RVLT', '大金(DAIKIN)', '5.94', 500, '2.5'),
('RHF50RVLT/FTHF50RVLT', '大金(DAIKIN)', '5.63', 1055, '4.9'),
('RQYQ10TYLT  / FXFQ50PAVET*5 ', '大金(DAIKIN)', '5.29', 6290, '27.7'),
('RV-22MH/RI-22MH', '皇家冷氣(ROYAL)', '5.98', 457, '2.3'),
('RV-28MH/RI-28MH', '皇家冷氣(ROYAL)', '6.06', 549, '2.8'),
('RV-36MH/RI-36MH', '皇家冷氣(ROYAL)', '5.95', 719, '3.6'),
('RV-41MH/RI-41MH', '皇家冷氣(ROYAL)', '5.44', 895, '4.1'),
('RV-50MH/RI-50MH', '皇家冷氣(ROYAL)', '5.33', 1114, '4.9'),
('RV-63MH/RI-63MH', '皇家冷氣(ROYAL)', '5.33', 1404, '6.2'),
('RV-72MH/RI-72MH', '皇家冷氣(ROYAL)', '5.11', 1674, '7.1'),
('RV-85MH/RI-85MH', '皇家冷氣(ROYAL)', '5.18', 1950, '8.4'),
('RXM22RVLT/FTXM22RVLT', '大金(DAIKIN)', '6.16', 424, '2.2'),
('RXM22SVLT/FTXM22SVLT', '大金(DAIKIN)', '6.31', 414, '2.2'),
('RXM28RVLT/FTXM28RVLT', '大金(DAIKIN)', '6.75', 492, '2.8'),
('RXM28SVLT/FTXM28SVLT', '大金(DAIKIN)', '6.75', 492, '2.8'),
('RXM36RVLT/FTXM36RVLT', '大金(DAIKIN)', '6.52', 637, '3.5'),
('RXM36SVLT/FTXM36SVLT', '大金(DAIKIN)', '6.52', 637, '3.5'),
('RXM41RVLT/FTXM41RVLT', '大金(DAIKIN)', '6.15', 792, '4.1'),
('RXM41SVLT/FTXM41SVLT', '大金(DAIKIN)', '6.22', 783, '4.1'),
('RXM50RVLT/FTXM50RVLT', '大金(DAIKIN)', '5.88', 1010, '4.9'),
('RXM50SVLT/FTXM50SVLT', '大金(DAIKIN)', '5.98', 993, '4.9'),
('RXM60RVLT/FTXM60RVLT', '大金(DAIKIN)', '5.47', 1303, '5.9'),
('RXM60SVLT/FTXM60SVLT', '大金(DAIKIN)', '5.65', 1325, '6.2'),
('RXM71RVLT/FTXM71RVLT', '大金(DAIKIN)', '5.68', 1506, '7.1'),
('RXM71SVLT/FTXM71SVLT', '大金(DAIKIN)', '5.24', 1632, '7.1'),
('RXM80RVLT/FTXM80RVLT', '大金(DAIKIN)', '5.35', 1777, '7.9'),
('RXM90RVLT/FTXM90RVLT ', '大金(DAIKIN)', '5.27', 1961, '8.6'),
('RXV22RVLT/FTXV22RVLT', '大金(DAIKIN)', '6.03', 433, '2.2'),
('RXV22SVLT/FTXV22SVLT', '大金(DAIKIN)', '6.03', 433, '2.2'),
('RXV28RVLT/FTXV28RVLT', '大金(DAIKIN)', '5.96', 558, '2.8'),
('RXV28SVLT/FTXV28SVLT', '大金(DAIKIN)', '5.96', 558, '2.8'),
('RXV36RVLT/FTXV36RVLT', '大金(DAIKIN)', '6.52', 637, '3.5'),
('RXV36SVLT/FTXV36SVLT', '大金(DAIKIN)', '6.52', 637, '3.5'),
('RXV41RVLT/FTXV41RVLT', '大金(DAIKIN)', '5.58', 873, '4.1'),
('RXV41SVLT/FTXV41SVLT', '大金(DAIKIN)', '5.58', 873, '4.1'),
('RXV50RVLT/FTXV50RVLT', '大金(DAIKIN)', '5.43', 1094, '5.0'),
('RXV50SVLT/FTXV50SVLT', '大金(DAIKIN)', '5.43', 1094, '5.0'),
('RXV60RVLT/FTXV60RVLT', '大金(DAIKIN)', '5.47', 1303, '5.9'),
('RXV60SVLT/FTXV60SVLT', '大金(DAIKIN)', '5.47', 1303, '5.9'),
('RXV80SVLT/FTXV80SVLT', '大金(DAIKIN)', '5.35', 1777, '7.9'),
('RXV90SVLT/FTXV90SVLT', '大金(DAIKIN)', '5.27', 1961, '8.6'),
('RZF125CTLT/FCA125CVLT', '大金(DAIKIN)', '5.10', 2912, '12.4'),
('RZF125CYLT/FCA125CVLT', '大金(DAIKIN)', '5.10', 2912, '12.4'),
('RZF140CTLT/FCA140CVLT', '大金(DAIKIN)', '5.04', 3301, '13.9'),
('SA1-25NV/SES-25NV', '松格(SONKOR)', '5.93', 561, '2.8'),
('SAC-28V6/SAE-28V6', '三洋(SANLUX)', '5.93', 561, '2.8'),
('SAC-28V7/SAE-28V7', '三洋(SANLUX)', '5.93', 561, '2.8'),
('SAC-28VH6/SAE-28VH6', '三洋(SANLUX)', '5.93', 561, '2.8'),
('SAC-28VH7/SAE-28VH7', '三洋(SANLUX)', '5.93', 561, '2.8'),
('SAC-50V6/SAE-50V6', '三洋(SANLUX)', '5.33', 1114, '4.9'),
('SAC-50VH6/SAE-50VH6', '三洋(SANLUX)', '5.33', 1114, '4.9'),
('SAC-72V6/SAE-72V6', '三洋(SANLUX)', '5.11', 1674, '7.1'),
('SAC-72V7/SAE-72V7', '三洋(SANLUX)', '5.11', 1674, '7.1'),
('SAC-72VH6/SAE-72VH6', '三洋(SANLUX)', '5.11', 1674, '7.1'),
('SAC-72VH7/SAE-72VH7', '三洋(SANLUX)', '5.11', 1674, '7.1'),
('SAC-V22F/SAE-V22F', '三洋(SANLUX)', '5.93', 460, '2.3'),
('SAC-V22HF/SAE-V22HF', '三洋(SANLUX)', '5.93', 460, '2.3'),
('SAC-V28F/SAE-V28F', '三洋(SANLUX)', '5.93', 561, '2.8'),
('SAC-V28HF/SAE-V28HF', '三洋(SANLUX)', '5.93', 561, '2.8'),
('SAC-V36F/SAE-V36F', '三洋(SANLUX)', '5.93', 721, '3.6'),
('SAC-V36HF/SAE-V36HF', '三洋(SANLUX)', '5.93', 721, '3.6'),
('SAC-V41F/SAE-V41F', '三洋(SANLUX)', '5.33', 914, '4.1'),
('SAC-V41HF/SAE-V41HF', '三洋(SANLUX)', '5.33', 914, '4.1'),
('SAC-V50F/SAE-V50F', '三洋(SANLUX)', '5.33', 1114, '4.9'),
('SAC-V50HF/SAE-V50HF', '三洋(SANLUX)', '5.33', 1114, '4.9'),
('SAC-V74F/SAE-V74F', '三洋(SANLUX)', '5.11', 1720, '7.3'),
('SAC-V74HF/SAE-V74HF', '三洋(SANLUX)', '5.11', 1720, '7.3'),
('SAC-V86F/SAE-V86F', '三洋(SANLUX)', '5.11', 2000, '8.5'),
('SAC-V86HF/SAE-V86HF', '三洋(SANLUX)', '5.11', 2000, '8.5'),
('SK1-45NV/SES-45NV', '松格(SONKOR)', '5.41', 1098, '5.0'),
('SL1-36NV/SES-36NV', '松格(SONKOR)', '5.81', 838, '4.1'),
('SMOC-28BC/SMIC-28N1C', '三葉(MITSUBA)', '5.93', 561, '2.8'),
('SMOC-41BC/SMIC-41N1C', '三葉(MITSUBA)', '5.81', 838, '4.1'),
('SMOC-50BC/SMIC-50N1C', '三葉(MITSUBA)', '5.41', 1098, '5.0'),
('SMOC-85BC/SMIC-85N1C', '三葉(MITSUBA)', '5.12', 1972, '8.4'),
('SRK20ZMXT-S(無風管型)/SCM80ZMT-S', '三菱(MITSUBISHI)', '5.26', 1807, '7.9'),
('SUM-25NVO/SUM-25NVI', '松林夏(SUMMER)', '5.93', 561, '2.8'),
('SUM-36NVO/SUM-36NVI', '松林夏(SUMMER)', '5.81', 838, '4.1'),
('SUM-45NVO/SUM-45NVI', '松林夏(SUMMER)', '5.41', 1098, '5.0'),
('SVO-72/SVI-72', '金大阪(GOSAKA)', '5.36', 1596, '7.1'),
('TCD-08AMH/TPD-081MH', '太一(TAIITSU)', '5.98', 457, '2.3'),
('TCD-10AMH/TPD-101MH', '太一(TAIITSU)', '6.06', 549, '2.8'),
('TCD-13AMH/TPD-131MH', '太一(TAIITSU)', '5.95', 719, '3.6'),
('TCD-14AMH/TPD-141MH', '太一(TAIITSU)', '5.44', 895, '4.1'),
('TCD-18AMH/TPD-181MH', '太一(TAIITSU)', '5.33', 1114, '4.9'),
('TCD-23AMH/TPD-231MH', '太一(TAIITSU)', '5.33', 1404, '6.2'),
('TCD-25AMH/TPD-251MH', '太一(TAIITSU)', '5.11', 1674, '7.1'),
('TCD-30A2MH/TPD-302MH', '太一(TAIITSU)', '5.18', 1950, '8.4'),
('TOV-110C2/TIV-110C2', '富士丸(FUJIMARU)', '5.08', 2573, '10.9'),
('TOV-73C2/TIV-73C2', '富士丸(FUJIMARU)', '5.15', 1684, '7.2'),
('TOV-73H2/TIV-73H2', '富士丸(FUJIMARU)', '5.15', 1684, '7.2'),
('TOV-90C2/TIV-90C2', '富士丸(FUJIMARU)', '5.15', 2076, '8.9'),
('TPHV-52NS', '大同(TATUNG)', '6.63', 932, '5.1'),
('TRO-K28HC/TRI-K28HC', '特菱(TORUS)', '6.09', 546, '2.8'),
('TRO-K36HC/TRI-K36HC', '特菱(TORUS)', '5.96', 717, '3.6'),
('TRO-K42HC/TRI-K42HC', '特菱(TORUS)', '5.74', 869, '4.2'),
('TRO-K50HC/TRI-K50HC', '特菱(TORUS)', '5.85', 1015, '4.9'),
('TRO-K63HC/TRI-K63HC', '特菱(TORUS)', '5.43', 1378, '6.2'),
('TRO-K72HC/TRI-K72HC', '特菱(TORUS)', '5.18', 1651, '7.1'),
('TXA-281KVC/TXB-28KVC', '大欣(TAIXIN)', '5.93', 561, '2.8'),
('TXA-411KVC/TXB-41KVC', '大欣(TAIXIN)', '5.81', 838, '4.1'),
('TXA-501KVC/TXB-50KVC', '大欣(TAIXIN)', '5.41', 1098, '5.0'),
('TXA-851UVC/TXB-85UVC', '大欣(TAIXIN)', '5.12', 1972, '8.4'),
('UA-112V / MUA-112V', '優力(UNEED)', '5.04', 2640, '11.1'),
('UA-112VH / MUA-112VH', '優力(UNEED)', '5.04', 2640, '11.1'),
('UA-23MV/MUA-23MV', '優力(UNEED)', '5.94', 460, '2.3'),
('UA-28MV/MUA-28MV', '優力(UNEED)', '5.94', 560, '2.8'),
('UA-28V / UA2-2828V', '優力(UNEED)', '5.34', 1246, '5.5'),
('UA-28VH / UA2-2828VH', '優力(UNEED)', '5.34', 1246, '5.5'),
('UA-36MV/MUA-36MV', '優力(UNEED)', '5.94', 720, '3.6'),
('UA-41MV/MUA-41MV', '優力(UNEED)', '5.34', 912, '4.1'),
('UA-41V / UA2-4141V', '優力(UNEED)', '5.12', 1903, '8.1'),
('UA-41VH / UA2-4141VH', '優力(UNEED)', '5.12', 1903, '8.1'),
('UA-50MV/MUA-50MV', '優力(UNEED)', '5.34', 1112, '4.9'),
('UA-50V / UA2-5050V', '優力(UNEED)', '5.04', 2381, '10.0'),
('UA-50VH / UA2-5050VH', '優力(UNEED)', '5.04', 2381, '10.0'),
('UA-72MV/MUA-72MV', '優力(UNEED)', '5.12', 1671, '7.1'),
('UA-72V / UA2-7272V', '優力(UNEED)', '5.04', 3395, '14.3'),
('UA-72VH / UA2-7272VH', '優力(UNEED)', '5.04', 3395, '14.3'),
('UA-85MV/MUA-85MV', '優力(UNEED)', '5.12', 1972, '8.4'),
('UA-85V/MUA-85V', '優力(UNEED)', '5.12', 1972, '8.4'),
('UA-85VH/MUA-85VH', '優力(UNEED)', '5.12', 1972, '8.4'),
('UA-90MV/MUA-90MV', '優力(UNEED)', '5.12', 2088, '8.9'),
('UA-90V / MUA-90V', '優力(UNEED)', '5.12', 2088, '8.9'),
('UA-90VH / MUA-90VH', '優力(UNEED)', '5.12', 2088, '8.9'),
('WAO-FT22VC/WAI-FT22VC', '惠而浦(WHIRLPOOL)', '6.20', 421, '2.2'),
('WAO-FT28VC/WAI-FT28VC', '惠而浦(WHIRLPOOL)', '6.09', 546, '2.8'),
('WAO-FT36VC/WAI-FT36VC', '惠而浦(WHIRLPOOL)', '5.96', 717, '3.6'),
('WAO-FT42VC/WAI-FT42VC', '惠而浦(WHIRLPOOL)', '5.74', 869, '4.2'),
('WAO-FT50VC/WAI-FT50VC', '惠而浦(WHIRLPOOL)', '5.85', 1015, '4.9'),
('WAO-FT63VC/WAI-FT63VC', '惠而浦(WHIRLPOOL)', '5.43', 1378, '6.2'),
('WAO-FT72VC/WAI-FT72VC', '惠而浦(WHIRLPOOL)', '5.18', 1651, '7.1');

-- --------------------------------------------------------

--
-- 資料表結構 `商標`
--

CREATE TABLE `商標` (
  `商標名稱` varchar(20) NOT NULL
) ENGINE=InnoDB DEFAULT CHARSET=utf8;

--
-- 資料表的匯出資料 `商標`
--

INSERT INTO `商標` (`商標名稱`) VALUES
('3M'),
('EUPA'),
('三星(SAMSUNG)'),
('三洋(SANLUX)'),
('三菱(MITSUBISHI)'),
('三葉(MITSUBA)'),
('上裕'),
('上豪(SUNHOW)'),
('仙鵝(CYGNUS)'),
('伊萊克斯(ELECTROLUX)'),
('佳工坊'),
('佳醫超淨'),
('優力(UNEED)'),
('優田(ULTEC)'),
('優美'),
('元山(YENSUN)'),
('克立淨'),
('冰點(BD)'),
('利勃(LIEBHERR)'),
('勝利牌(VICTOR)'),
('北鄉(NORTH)'),
('博世(BOSCH)'),
('博朗格(BLOMBERG)'),
('台光電(ATR)'),
('台朔(TAISO)'),
('品冠'),
('品硯(PINYAN)'),
('嘉儀(HELLER)'),
('國際(PANASONIC)'),
('夏普(SHARP)'),
('大同(TATUNG)'),
('大家源'),
('大欣(TAIXIN)'),
('大金(DAIKIN)'),
('太一(TAIITSU)'),
('奇美(CHIMEI)'),
('威技(NEW WIDETECH)'),
('富及第(FRIGIDAIRE)'),
('富士丸(FUJIMARU)'),
('富士通(FUJITSU)'),
('寶島(FORMOSA)'),
('小太陽'),
('尚朋堂'),
('山水(SANSUI)'),
('惠而浦(WHIRLPOOL)'),
('捷寶'),
('日立(HITACHI)'),
('日象'),
('東元(TECO)'),
('東芝(TOSHIBA)'),
('松林夏(SUMMER)'),
('松格(SONKOR)'),
('格力(GREE)'),
('樂金(LG)'),
('歌林(KOLIN)'),
('永新'),
('泰陽(TAIYO)'),
('海力(HI-LI)'),
('特菱(TORUS)'),
('瑞士時尚家電(STADLER FORM)'),
('皇家冷氣(ROYAL)'),
('皇瑩'),
('禾聯(HERAN)'),
('米多力(MEDOLE)'),
('索尼(SONY)'),
('美寧(MISTRO)'),
('美泰克(MAYTAG)'),
('美的(MIDEA)'),
('聲寶(SAMPO)'),
('良峰(RENFOSS)'),
('艾普頓(APTON)'),
('艾美特(AIRMATE)'),
('華菱(HAWRIN)'),
('萬士益(MAXE)'),
('詮寶(CHENBO)'),
('詮恩(TRANE)'),
('資訊家'),
('賽寧(ASKO)'),
('金大阪(GOSAKA)'),
('金菱(KINLIN)'),
('金鼎(JINTING)'),
('鍋寶'),
('阿瑪迪斯(AMADUS)'),
('飛利浦(PHILIPS)');

-- --------------------------------------------------------

--
-- 資料表結構 `新冰箱`
--

CREATE TABLE `新冰箱` (
  `項次` varchar(3) NOT NULL,
  `產品型號` varchar(15) NOT NULL,
  `商標名稱` varchar(16) DEFAULT NULL,
  `能源效率` varchar(19) DEFAULT NULL,
  `能源效率等級` varchar(6) DEFAULT NULL,
  `容量` varchar(9) DEFAULT NULL
) ENGINE=InnoDB DEFAULT CHARSET=utf8;

--
-- 資料表的匯出資料 `新冰箱`
--

INSERT INTO `新冰箱` (`項次`, `產品型號`, `商標名稱`, `能源效率`, `能源效率等級`, `容量`) VALUES
('537', 'B10-RE11', '禾聯(HERAN)', '6.1', '4', '100'),
('536', 'B10-RE1A', '禾聯(HERAN)', '6.1', '4', '100'),
('178', 'BRFB1312SS', '博朗格(BLOMBERG)', '17.4', '1', '316'),
('589', 'CBN 3956', '利勃(LIEBHERR)', '11.9', '4', '332'),
('668', 'CN 4056', '利勃(LIEBHERR)', '12.8', '5', '364'),
('594', 'CN5156', '利勃(LIEBHERR)', '17.3', '4', '442'),
('664', 'ECBN 5066', '利勃(LIEBHERR)', '14.6', '5', '400'),
('411', 'ENC2858AOW', '伊萊克斯(ELECTROLUX)', '11.2', '3', '255'),
('658', 'ERG3313AOW', '伊萊克斯(ELECTROLUX)', '13.3', '5', '332'),
('184', 'FAB28LBETW', '品硯(PINYAN)', '15.1', '1', '268'),
('190', 'FAB28LBLTW', '品硯(PINYAN)', '15.1', '1', '268'),
('217', 'FAB28LBVTW', '品硯(PINYAN)', '15.1', '1', '268'),
('188', 'FAB28LCCTW', '品硯(PINYAN)', '15.1', '1', '268'),
('209', 'FAB28LCRTW', '品硯(PINYAN)', '15.1', '1', '268'),
('212', 'FAB28LCSTW', '品硯(PINYAN)', '15.1', '1', '268'),
('221', 'FAB28LDBBTW', '品硯(PINYAN)', '15.1', '1', '268'),
('202', 'FAB28LDBTW', '品硯(PINYAN)', '15.1', '1', '268'),
('214', 'FAB28LDMCTW', '品硯(PINYAN)', '15.1', '1', '268'),
('199', 'FAB28LGOTW', '品硯(PINYAN)', '15.1', '1', '268'),
('213', 'FAB28LITTW', '品硯(PINYAN)', '15.1', '1', '268'),
('189', 'FAB28LLITW', '品硯(PINYAN)', '15.1', '1', '268'),
('181', 'FAB28LORTW', '品硯(PINYAN)', '15.1', '1', '268'),
('194', 'FAB28LPBTW', '品硯(PINYAN)', '15.1', '1', '268'),
('200', 'FAB28LPGTW', '品硯(PINYAN)', '15.1', '1', '268'),
('193', 'FAB28LPKTW', '品硯(PINYAN)', '15.1', '1', '268'),
('195', 'FAB28LRDTW', '品硯(PINYAN)', '15.1', '1', '268'),
('222', 'FAB28LRVTW', '品硯(PINYAN)', '15.1', '1', '268'),
('182', 'FAB28LSVTW', '品硯(PINYAN)', '15.1', '1', '268'),
('218', 'FAB28LUJTW', '品硯(PINYAN)', '15.1', '1', '268'),
('196', 'FAB28LWHTW', '品硯(PINYAN)', '15.1', '1', '268'),
('183', 'FAB28LYWTW', '品硯(PINYAN)', '15.1', '1', '268'),
('204', 'FAB28RBETW', '品硯(PINYAN)', '15.1', '1', '268'),
('186', 'FAB28RBLTW', '品硯(PINYAN)', '15.1', '1', '268'),
('219', 'FAB28RBVTW', '品硯(PINYAN)', '15.1', '1', '268'),
('197', 'FAB28RCCTW', '品硯(PINYAN)', '15.1', '1', '268'),
('225', 'FAB28RCGTW', '品硯(PINYAN)', '15.1', '1', '268'),
('201', 'FAB28RCRTW', '品硯(PINYAN)', '15.1', '1', '268'),
('224', 'FAB28RCSTW', '品硯(PINYAN)', '15.1', '1', '268'),
('216', 'FAB28RDBBTW', '品硯(PINYAN)', '15.1', '1', '268'),
('205', 'FAB28RDBTW', '品硯(PINYAN)', '15.1', '1', '268'),
('179', 'FAB28RDETW', '品硯(PINYAN)', '15.1', '1', '268'),
('180', 'FAB28RDGTW', '品硯(PINYAN)', '15.1', '1', '268'),
('223', 'FAB28RDMCTW', '品硯(PINYAN)', '15.1', '1', '268'),
('207', 'FAB28RGOTW', '品硯(PINYAN)', '15.1', '1', '268'),
('211', 'FAB28RITTW', '品硯(PINYAN)', '15.1', '1', '268'),
('198', 'FAB28RLITW', '品硯(PINYAN)', '15.1', '1', '268'),
('185', 'FAB28RORTW', '品硯(PINYAN)', '15.1', '1', '268'),
('206', 'FAB28RPBTW', '品硯(PINYAN)', '15.1', '1', '268'),
('208', 'FAB28RPGTW', '品硯(PINYAN)', '15.1', '1', '268'),
('187', 'FAB28RPKTW', '品硯(PINYAN)', '15.1', '1', '268'),
('192', 'FAB28RRDTW', '品硯(PINYAN)', '15.1', '1', '268'),
('220', 'FAB28RRVTW', '品硯(PINYAN)', '15.1', '1', '268'),
('203', 'FAB28RSVTW', '品硯(PINYAN)', '15.1', '1', '268'),
('215', 'FAB28RUJTW', '品硯(PINYAN)', '15.1', '1', '268'),
('191', 'FAB28RWHTW', '品硯(PINYAN)', '15.1', '1', '268'),
('210', 'FAB28RYWTW', '品硯(PINYAN)', '15.1', '1', '268'),
('234', 'FFET1222QB', '富及第(FRIGIDAIRE)', '16.4', '1', '338'),
('235', 'FFET1222QM', '富及第(FRIGIDAIRE)', '16.4', '1', '338'),
('236', 'FFET1222QW', '富及第(FRIGIDAIRE)', '16.4', '1', '338'),
('565', 'FFPH32M1LW', '富及第(FRIGIDAIRE)', '5.5', '4', '90'),
('561', 'FFPH32M2LB', '富及第(FRIGIDAIRE)', '5.5', '4', '90'),
('562', 'FFPH32M3L', '富及第(FRIGIDAIRE)', '5.5', '4', '90'),
('229', 'FPRU14F3RS', '富及第(FRIGIDAIRE)', '22.5', '1', '350'),
('232', 'FPRU14F3RSN', '富及第(FRIGIDAIRE)', '22.5', '1', '350'),
('230', 'FPRU14F4RW', '富及第(FRIGIDAIRE)', '22.5', '1', '350'),
('233', 'FPRU14F4RWN', '富及第(FRIGIDAIRE)', '22.5', '1', '350'),
('560', 'FRT-0901M', '富及第(FRIGIDAIRE)', '5.5', '4', '90'),
('228', 'FRT-0902M', '富及第(FRIGIDAIRE)', '7.2', '1', '90'),
('566', 'FRT-0903M', '富及第(FRIGIDAIRE)', '5.5', '4', '90'),
('227', 'FRT-0904M', '富及第(FRIGIDAIRE)', '7.2', '1', '90'),
('563', 'FRT-0905M', '富及第(FRIGIDAIRE)', '5.5', '4', '90'),
('226', 'FRT-0906M', '富及第(FRIGIDAIRE)', '7.2', '1', '90'),
('564', 'FRT-0907M', '富及第(FRIGIDAIRE)', '5.5', '4', '90'),
('231', 'FRT-0908M', '富及第(FRIGIDAIRE)', '7.2', '1', '90'),
('333', 'FRT-1311M', '富及第(FRIGIDAIRE)', '8.4', '2', '131'),
('334', 'FRT-1313M', '富及第(FRIGIDAIRE)', '8.4', '2', '131'),
('512', 'GN-B480SV', '樂金(LG)', '17.1', '4', '482'),
('509', 'GN-B490SV', '樂金(LG)', '18.6', '4', '496'),
('646', 'GN-B550SV', '樂金(LG)', '17.1', '5', '510'),
('510', 'GN-B560SV', '樂金(LG)', '19.1', '4', '525'),
('298', 'GN-BL418SV', '樂金(LG)', '20', '2', '393'),
('147', 'GN-BL497GV', '樂金(LG)', '24.4', '1', '496'),
('148', 'GN-BL497SV', '樂金(LG)', '24.4', '1', '496'),
('650', 'GN-DA550SV', '樂金(LG)', '15.4', '5', '510'),
('647', 'GN-DA560SV', '樂金(LG)', '16.8', '5', '525'),
('406', 'GN-DL567SV', '樂金(LG)', '20.3', '3', '525'),
('508', 'GN-HL427SV', '樂金(LG)', '16.7', '4', '410'),
('140', 'GN-HL567GB', '樂金(LG)', '25', '1', '525'),
('141', 'GN-HL567SV', '樂金(LG)', '25', '1', '525'),
('297', 'GN-I235DS', '樂金(LG)', '10', '2', '186'),
('408', 'GN-L235SV', '樂金(LG)', '9.2', '3', '186'),
('403', 'GN-L295SV', '樂金(LG)', '9.5', '3', '208'),
('144', 'GN-L297SV', '樂金(LG)', '11.8', '1', '208'),
('516', 'GN-L305SV', '樂金(LG)', '10.8', '4', '253'),
('513', 'GN-L305W', '樂金(LG)', '10.8', '4', '253'),
('142', 'GN-L307C', '樂金(LG)', '13.6', '1', '253'),
('145', 'GN-L307SV', '樂金(LG)', '13.6', '1', '253'),
('405', 'GN-L392B', '樂金(LG)', '12.9', '3', '315'),
('409', 'GN-L392SV', '樂金(LG)', '12.9', '3', '315'),
('410', 'GN-L392W', '樂金(LG)', '12.9', '3', '315'),
('143', 'GN-L397C', '樂金(LG)', '15.7', '1', '315'),
('146', 'GN-L397SV', '樂金(LG)', '15.7', '1', '315'),
('511', 'GN-M392GP', '樂金(LG)', '12.3', '4', '327'),
('514', 'GN-Y200L', '樂金(LG)', '11.2', '4', '191'),
('515', 'GN-Y200PS', '樂金(LG)', '11.2', '4', '191'),
('299', 'GN-Y200SV', '樂金(LG)', '13.6', '2', '191'),
('244', 'GR-A320TBZ', '東芝(TOSHIBA)', '16.2', '1', '305'),
('249', 'GR-A370TBZ', '東芝(TOSHIBA)', '17.3', '1', '330'),
('338', 'GR-A46TBZ', '東芝(TOSHIBA)', '21.2', '2', '409'),
('248', 'GR-A52TBZ', '東芝(TOSHIBA)', '23.9', '1', '473'),
('245', 'GR-A55TBZ', '東芝(TOSHIBA)', '25.5', '1', '510'),
('337', 'GR-AG46TDZ', '東芝(TOSHIBA)', '21.2', '2', '409'),
('247', 'GR-AG52TDZ', '東芝(TOSHIBA)', '23.9', '1', '473'),
('246', 'GR-AG55TDZ', '東芝(TOSHIBA)', '25.5', '1', '510'),
('655', 'GR-B652AV', '樂金(LG)', '15.6', '5', '470'),
('653', 'GR-B762AV', '樂金(LG)', '18.8', '5', '570'),
('657', 'GR-B763AV', '樂金(LG)', '18.8', '5', '570'),
('648', 'GR-B765AV', '樂金(LG)', '18.1', '5', '570'),
('654', 'GR-B802AV', '樂金(LG)', '18', '5', '600'),
('656', 'GR-B803AV', '樂金(LG)', '18', '5', '600'),
('649', 'GR-B805AV', '樂金(LG)', '17.1', '5', '600'),
('422', 'GR-H52TBZ', '東芝(TOSHIBA)', '20.3', '3', '468'),
('420', 'GR-H55TBZ', '東芝(TOSHIBA)', '20.9', '3', '505'),
('423', 'GR-HG52TDZ', '東芝(TOSHIBA)', '20.3', '3', '468'),
('421', 'GR-HG55TDZ', '東芝(TOSHIBA)', '20.9', '3', '505'),
('652', 'GR-L762AV', '樂金(LG)', '17.6', '5', '570'),
('651', 'GR-L802AV', '樂金(LG)', '18.4', '5', '600'),
('576', 'GR-M25TBZ', '東芝(TOSHIBA)', '8.6', '4', '186'),
('575', 'GR-M28TBZ', '東芝(TOSHIBA)', '9.7', '4', '226'),
('300', 'GR-R40SV', '樂金(LG)', '20.9', '2', '377'),
('150', 'GR-RL40SV', '樂金(LG)', '23.2', '1', '382'),
('418', 'GR-T320TBZ', '東芝(TOSHIBA)', '13.3', '3', '305'),
('419', 'GR-T370TBZ', '東芝(TOSHIBA)', '13.7', '3', '330'),
('581', 'GR-T41TBZ', '東芝(TOSHIBA)', '16.2', '4', '359'),
('583', 'GR-T46TBZ', '東芝(TOSHIBA)', '17.4', '4', '409'),
('582', 'GR-TG41TDZ', '東芝(TOSHIBA)', '16.2', '4', '359'),
('584', 'GR-TG46TDZ', '東芝(TOSHIBA)', '17.4', '4', '409'),
('577', 'GR-W58TDZ', '東芝(TOSHIBA)', '20', '4', '554'),
('579', 'GR-W66TDZ', '東芝(TOSHIBA)', '20.4', '4', '608'),
('578', 'GR-WG58TDZ', '東芝(TOSHIBA)', '20', '4', '554'),
('580', 'GR-WG66TDZ', '東芝(TOSHIBA)', '20.4', '4', '608'),
('407', 'GW-BF380SV', '樂金(LG)', '17.9', '3', '350'),
('404', 'GW-BF386SV', '樂金(LG)', '16.9', '3', '350'),
('149', 'GW-BF388SV', '樂金(LG)', '20.3', '1', '350'),
('573', 'HPBC-365WY', '華菱(HAWRIN)', '16.2', '4', '380'),
('574', 'HPBC-380WY', '華菱(HAWRIN)', '16.2', '4', '380'),
('521', 'HRE-0511', '禾聯(HERAN)', '3.2', '4', '45'),
('309', 'HRE-0512', '禾聯(HERAN)', '4', '2', '45'),
('301', 'HRE-0513', '禾聯(HERAN)', '4', '2', '45'),
('305', 'HRE-0515', '禾聯(HERAN)', '4', '2', '45'),
('522', 'HRE-0711', '禾聯(HERAN)', '5', '4', '75'),
('534', 'HRE-0712', '禾聯(HERAN)', '4.7', '4', '70'),
('302', 'HRE-0713', '禾聯(HERAN)', '5.7', '2', '67'),
('306', 'HRE-0715', '禾聯(HERAN)', '5.7', '2', '67'),
('311', 'HRE-0716', '禾聯(HERAN)', '5.7', '2', '67'),
('523', 'HRE-1011', '禾聯(HERAN)', '6.1', '4', '95'),
('307', 'HRE-1012', '禾聯(HERAN)', '7.5', '2', '92'),
('312', 'HRE-1013', '禾聯(HERAN)', '7.5', '2', '92'),
('304', 'HRE-1015', '禾聯(HERAN)', '7.5', '2', '92'),
('524', 'HRE-1111', '禾聯(HERAN)', '6.8', '4', '108'),
('526', 'HRE-1112', '禾聯(HERAN)', '6.8', '4', '108'),
('532', 'HRE-1113', '禾聯(HERAN)', '6.8', '4', '108'),
('530', 'HRE-1115', '禾聯(HERAN)', '6.8', '4', '108'),
('533', 'HRE-1116', '禾聯(HERAN)', '6.8', '4', '108'),
('525', 'HRE-11AA', '禾聯(HERAN)', '6.8', '4', '108'),
('531', 'HRE-11AB', '禾聯(HERAN)', '6.8', '4', '108'),
('528', 'HRE-11AC', '禾聯(HERAN)', '6.8', '4', '108'),
('527', 'HRE-11AE', '禾聯(HERAN)', '6.8', '4', '108'),
('529', 'HRE-11AF', '禾聯(HERAN)', '6.8', '4', '108'),
('538', 'HRE-B1011', '禾聯(HERAN)', '6.1', '4', '100'),
('155', 'HRE-B1012', '禾聯(HERAN)', '8', '1', '100'),
('154', 'HRE-B1013', '禾聯(HERAN)', '8', '1', '100'),
('539', 'HRE-B101A', '禾聯(HERAN)', '6.1', '4', '100'),
('535', 'HRE-B1311', '禾聯(HERAN)', '6.5', '4', '130'),
('412', 'HRE-B1312', '禾聯(HERAN)', '6.7', '3', '127'),
('413', 'HRE-B1313', '禾聯(HERAN)', '6.7', '3', '127'),
('415', 'HRE-B1315', '禾聯(HERAN)', '6.7', '3', '127'),
('518', 'HRE-B4821V', '禾聯(HERAN)', '18', '4', '485'),
('152', 'HRE-B4822V', '禾聯(HERAN)', '23.7', '1', '485'),
('520', 'HRE-B5821V', '禾聯(HERAN)', '19.7', '4', '579'),
('151', 'HRE-B5822V', '禾聯(HERAN)', '25.9', '1', '579'),
('519', 'HRE-C4821V', '禾聯(HERAN)', '17.9', '4', '481'),
('517', 'HRE-D5621UV', '禾聯(HERAN)', '19.3', '4', '560'),
('139', 'KBBX104EPA', '惠而浦(WHIRLPOOL)', '13.9', '1', '260'),
('570', 'KGN36SB30D', '博世(BOSCH)', '11.3', '4', '285'),
('572', 'KGN36SS30D', '博世(BOSCH)', '11.3', '4', '285'),
('571', 'KGN36SW30D', '博世(BOSCH)', '11.3', '4', '285'),
('335', 'KIF39P60TW', '博世(BOSCH)', '13.3', '2', '245'),
('336', 'KIF42P60TW', '博世(BOSCH)', '18.1', '2', '302'),
('569', 'KIS87AD30D', '博世(BOSCH)', '13.5', '4', '271'),
('567', 'KIS87AF30D', '博世(BOSCH)', '13.5', '4', '271'),
('600', 'KR-110S01', '歌林(KOLIN)', '6.3', '4', '95'),
('601', 'KR-110S02', '歌林(KOLIN)', '6.3', '4', '95'),
('602', 'KR-110S03', '歌林(KOLIN)', '6.1', '4', '91'),
('609', 'KR-213B01', '歌林(KOLIN)', '6.5', '4', '130'),
('607', 'KR-213B02', '歌林(KOLIN)', '6.5', '4', '130'),
('610', 'KR-213B03', '歌林(KOLIN)', '6.5', '4', '130'),
('608', 'KR-213B04', '歌林(KOLIN)', '6.5', '4', '130'),
('669', 'KR-213S01', '歌林(KOLIN)', '5.9', '5', '130'),
('670', 'KR-213S02', '歌林(KOLIN)', '5.9', '5', '130'),
('606', 'KR-248V01', '歌林(KOLIN)', '18', '4', '485'),
('255', 'KR-248V02', '歌林(KOLIN)', '23.7', '1', '485'),
('603', 'KR-258V01', '歌林(KOLIN)', '19.7', '4', '579'),
('256', 'KR-258V02', '歌林(KOLIN)', '25.9', '1', '579'),
('605', 'KR-348V01', '歌林(KOLIN)', '17.9', '4', '481'),
('604', 'KR-356VB01', '歌林(KOLIN)', '19.3', '4', '560'),
('611', 'KR-EL252SBV01', '歌林(KOLIN)', '20', '4', '520'),
('596', 'KR-SE118S01', '歌林(KOLIN)', '11.2', '4', '180'),
('598', 'KR-SE20901-S', '歌林(KOLIN)', '5.7', '4', '90'),
('599', 'KR-SE20902-W', '歌林(KOLIN)', '5.7', '4', '90'),
('597', 'KR-SE20903-Q', '歌林(KOLIN)', '5.7', '4', '90'),
('424', 'KR-SE21001-S', '歌林(KOLIN)', '6.8', '3', '100'),
('425', 'KR-SE21200W', '歌林(KOLIN)', '7.3', '3', '110'),
('238', 'KSF36PI30D', '博世(BOSCH)', '20.2', '1', '300'),
('237', 'KSF36PI33D', '博世(BOSCH)', '20.2', '1', '300'),
('482', 'MR-B42T-UW-C', '三菱(MITSUBISHI)', '16.9', '4', '420'),
('481', 'MR-B42T-W-C', '三菱(MITSUBISHI)', '16.9', '4', '420'),
('288', 'MR-B46Z-P-C', '三菱(MITSUBISHI)', '21.4', '2', '455'),
('289', 'MR-B46Z-W-C', '三菱(MITSUBISHI)', '21.4', '2', '455'),
('106', 'MR-BC46Z-P-C', '三菱(MITSUBISHI)', '24.2', '1', '455'),
('107', 'MR-BC46Z-W-C', '三菱(MITSUBISHI)', '24.2', '1', '455'),
('370', 'MR-BX53X-BR-C', '三菱(MITSUBISHI)', '20.7', '3', '525'),
('372', 'MR-BX53X-N-C', '三菱(MITSUBISHI)', '20.7', '3', '525'),
('371', 'MR-BX53X-W-C', '三菱(MITSUBISHI)', '20.7', '3', '525'),
('105', 'MR-BXC53X-BR-C', '三菱(MITSUBISHI)', '25.7', '1', '525'),
('103', 'MR-BXC53X-N-C', '三菱(MITSUBISHI)', '25.7', '1', '525'),
('104', 'MR-BXC53X-W-C', '三菱(MITSUBISHI)', '25.7', '1', '525'),
('639', 'MR-FT24E-SL-C', '三菱(MITSUBISHI)', '8.2', '5', '237'),
('474', 'MR-FT35EH-SW-C', '三菱(MITSUBISHI)', '15.5', '4', '352'),
('473', 'MR-FT46EH-SW-C', '三菱(MITSUBISHI)', '18.6', '4', '460'),
('472', 'MR-FT51EH-SW-C', '三菱(MITSUBISHI)', '19', '4', '510'),
('94', 'MR-FV27EJ-SL-C', '三菱(MITSUBISHI)', '15.5', '1', '273'),
('100', 'MR-JX53C-N-C', '三菱(MITSUBISHI)', '25.5', '1', '525'),
('478', 'MR-JX53X-BR-C', '三菱(MITSUBISHI)', '19.5', '4', '525'),
('476', 'MR-JX53X-N-C', '三菱(MITSUBISHI)', '19.5', '4', '525'),
('477', 'MR-JX53X-W-C', '三菱(MITSUBISHI)', '19.5', '4', '525'),
('95', 'MR-JX61C-N-C', '三菱(MITSUBISHI)', '27.1', '1', '605'),
('96', 'MR-JX61C-RW-C', '三菱(MITSUBISHI)', '27.1', '1', '605'),
('99', 'MR-JX61C-W-C', '三菱(MITSUBISHI)', '27.1', '1', '605'),
('373', 'MR-JX64W-BR-C', '三菱(MITSUBISHI)', '23', '3', '635'),
('374', 'MR-JX64W-N-C', '三菱(MITSUBISHI)', '23', '3', '635'),
('375', 'MR-JX64W-W-C', '三菱(MITSUBISHI)', '23', '3', '635'),
('475', 'MR-VT42EH-SLW-C', '三菱(MITSUBISHI)', '17.2', '4', '416'),
('102', 'MR-WX53C-BR-C', '三菱(MITSUBISHI)', '25.5', '1', '525'),
('101', 'MR-WX53C-W-C', '三菱(MITSUBISHI)', '25.5', '1', '525'),
('479', 'MR-WX53Y-BR-C', '三菱(MITSUBISHI)', '19.3', '4', '525'),
('480', 'MR-WX53Y-P-C', '三菱(MITSUBISHI)', '19.3', '4', '525'),
('97', 'MR-WX61C-BR-C', '三菱(MITSUBISHI)', '27.1', '1', '605'),
('98', 'MR-WX61C-W-C', '三菱(MITSUBISHI)', '27.1', '1', '605'),
('376', 'MR-WX61Z-BR-C', '三菱(MITSUBISHI)', '22.2', '3', '605'),
('377', 'MR-WX61Z-P-C', '三菱(MITSUBISHI)', '22.2', '3', '605'),
('378', 'MR-WX61Z-W-C', '三菱(MITSUBISHI)', '22.2', '3', '605'),
('641', 'MR-Z65W-B-C', '三菱(MITSUBISHI)', '20.2', '5', '645'),
('640', 'MR-Z65W-CW-C', '三菱(MITSUBISHI)', '20.2', '5', '645'),
('642', 'MR-Z65W-DB-C', '三菱(MITSUBISHI)', '20.2', '5', '645'),
('395', 'NR-B138T', '國際(PANASONIC)', '6.9', '3', '130'),
('384', 'NR-B139T', '國際(PANASONIC)', '6.8', '3', '130'),
('108', 'NR-B139TV', '國際(PANASONIC)', '8.3', '1', '130'),
('492', 'NR-B238T', '國際(PANASONIC)', '10.4', '4', '232'),
('383', 'NR-B239T', '國際(PANASONIC)', '10.5', '3', '232'),
('121', 'NR-B239TV', '國際(PANASONIC)', '13', '1', '232'),
('497', 'NR-B406TV', '國際(PANASONIC)', '16', '4', '393'),
('496', 'NR-B408TV', '國際(PANASONIC)', '16', '4', '393'),
('111', 'NR-B409TV', '國際(PANASONIC)', '21', '1', '393'),
('488', 'NR-B426GV', '國際(PANASONIC)', '17.3', '4', '422'),
('491', 'NR-B427TG', '國際(PANASONIC)', '17.3', '4', '422'),
('127', 'NR-B429GV', '國際(PANASONIC)', '22.2', '1', '422'),
('126', 'NR-B429TG', '國際(PANASONIC)', '22.2', '1', '422'),
('487', 'NR-B435HV', '國際(PANASONIC)', '17.7', '4', '435'),
('485', 'NR-B485HV', '國際(PANASONIC)', '18.5', '4', '476'),
('489', 'NR-B486GV', '國際(PANASONIC)', '18.4', '4', '485'),
('490', 'NR-B487TG', '國際(PANASONIC)', '18.4', '4', '485'),
('124', 'NR-B489GV', '國際(PANASONIC)', '23.7', '1', '485'),
('123', 'NR-B489TG', '國際(PANASONIC)', '23.7', '1', '485'),
('486', 'NR-B555HV', '國際(PANASONIC)', '19.7', '4', '545'),
('484', 'NR-B585TV', '國際(PANASONIC)', '19.7', '4', '579'),
('494', 'NR-B588TG', '國際(PANASONIC)', '19.7', '4', '579'),
('493', 'NR-B588TV', '國際(PANASONIC)', '19.7', '4', '579'),
('125', 'NR-B589TG', '國際(PANASONIC)', '25.9', '1', '579'),
('122', 'NR-B589TV', '國際(PANASONIC)', '25.9', '1', '579'),
('128', 'NR-B659TG', '國際(PANASONIC)', '28', '1', '650'),
('129', 'NR-B659TV', '國際(PANASONIC)', '28', '1', '650'),
('394', 'NR-C387HV', '國際(PANASONIC)', '16.8', '3', '385'),
('112', 'NR-C389HV', '國際(PANASONIC)', '20.6', '1', '385'),
('391', 'NR-C477HV', '國際(PANASONIC)', '19.3', '3', '468'),
('110', 'NR-C479HV', '國際(PANASONIC)', '24.1', '1', '468'),
('483', 'NR-C485TV', '國際(PANASONIC)', '17.9', '4', '481'),
('495', 'NR-C488TV', '國際(PANASONIC)', '17.9', '4', '481'),
('109', 'NR-C489TV', '國際(PANASONIC)', '23.5', '1', '481'),
('380', 'NR-C508NHG', '國際(PANASONIC)', '20.1', '3', '500'),
('387', 'NR-C508NHV', '國際(PANASONIC)', '20.1', '3', '500'),
('120', 'NR-C509HV', '國際(PANASONIC)', '24.2', '1', '500'),
('118', 'NR-C509NHGS', '國際(PANASONIC)', '24.2', '1', '500'),
('381', 'NR-C5601HV', '國際(PANASONIC)', '21.1', '3', '560'),
('389', 'NR-C567HV', '國際(PANASONIC)', '21.1', '3', '560'),
('396', 'NR-C618HV', '國際(PANASONIC)', '22.3', '3', '610'),
('385', 'NR-C618NHG', '國際(PANASONIC)', '22.3', '3', '610'),
('397', 'NR-C618NHV', '國際(PANASONIC)', '22.3', '3', '610'),
('116', 'NR-C619HV', '國際(PANASONIC)', '26.9', '1', '610'),
('114', 'NR-C619NHGS', '國際(PANASONIC)', '26.9', '1', '610'),
('379', 'NR-D508NHG', '國際(PANASONIC)', '20.1', '3', '500'),
('388', 'NR-D508NHV', '國際(PANASONIC)', '20.1', '3', '500'),
('119', 'NR-D509HV', '國際(PANASONIC)', '24.2', '1', '500'),
('117', 'NR-D509NHGS', '國際(PANASONIC)', '24.2', '1', '500'),
('382', 'NR-D5601HV', '國際(PANASONIC)', '21.1', '3', '560'),
('392', 'NR-D567HV', '國際(PANASONIC)', '21.1', '3', '560'),
('399', 'NR-D618HV', '國際(PANASONIC)', '22.3', '3', '610'),
('386', 'NR-D618NHG', '國際(PANASONIC)', '22.3', '3', '610'),
('398', 'NR-D618NHV', '國際(PANASONIC)', '22.3', '3', '610'),
('115', 'NR-D619HV', '國際(PANASONIC)', '26.9', '1', '610'),
('113', 'NR-D619NHGS', '國際(PANASONIC)', '26.9', '1', '610'),
('60', 'NR-E412VT-N1', '國際(PANASONIC)', '22.7', '1', '411'),
('61', 'NR-E412VT-W1', '國際(PANASONIC)', '22.7', '1', '411'),
('390', 'NR-E567MV', '國際(PANASONIC)', '21.6', '3', '560'),
('57', 'NR-F502VG-T1', '國際(PANASONIC)', '25.1', '1', '501'),
('49', 'NR-F502VG-W1', '國際(PANASONIC)', '25.1', '1', '501'),
('59', 'NR-F502VT-N1', '國際(PANASONIC)', '25.1', '1', '501'),
('50', 'NR-F502VT-W1', '國際(PANASONIC)', '25.1', '1', '501'),
('66', 'NR-F503HX-T1', '國際(PANASONIC)', '25', '1', '500'),
('64', 'NR-F503HX-W1', '國際(PANASONIC)', '25', '1', '500'),
('58', 'NR-F552VG-T1', '國際(PANASONIC)', '26.6', '1', '551'),
('51', 'NR-F552VG-W1', '國際(PANASONIC)', '26.6', '1', '551'),
('69', 'NR-F553HX-N1', '國際(PANASONIC)', '26.5', '1', '550'),
('62', 'NR-F553HX-W1', '國際(PANASONIC)', '26.5', '1', '550'),
('393', 'NR-F567MV', '國際(PANASONIC)', '21.6', '3', '560'),
('52', 'NR-F602VG-N1', '國際(PANASONIC)', '29', '1', '601'),
('53', 'NR-F602VG-T1', '國際(PANASONIC)', '29', '1', '601'),
('54', 'NR-F602VT-N1', '國際(PANASONIC)', '29', '1', '601'),
('55', 'NR-F602VT-R1', '國際(PANASONIC)', '29', '1', '601'),
('56', 'NR-F602VX-X1', '國際(PANASONIC)', '29', '1', '601'),
('65', 'NR-F603HX-N1', '國際(PANASONIC)', '28.9', '1', '600'),
('68', 'NR-F603HX-T1', '國際(PANASONIC)', '28.9', '1', '600'),
('67', 'NR-F603HX-W1', '國際(PANASONIC)', '28.9', '1', '600'),
('63', 'NR-F603HX-X1', '國際(PANASONIC)', '28.9', '1', '600'),
('48', 'NR-F672WX-X1', '國際(PANASONIC)', '29.7', '1', '665'),
('47', 'NR-F681WX-X1', '國際(PANASONIC)', '30.4', '1', '675'),
('241', 'NRK6193UX', '賽寧(ASKO)', '23.4', '1', '302'),
('242', 'ONRK193CO', '賽寧(ASKO)', '23.4', '1', '307'),
('239', 'ONRK193R', '賽寧(ASKO)', '23.4', '1', '307'),
('360', 'R-G36A', '日立(HITACHI)', '13.7', '3', '331'),
('447', 'R-G36WS', '日立(HITACHI)', '12.2', '4', '325'),
('445', 'R-G399', '日立(HITACHI)', '16.9', '4', '381'),
('446', 'R-G41A', '日立(HITACHI)', '15.8', '4', '394'),
('448', 'R-G41WS', '日立(HITACHI)', '15.5', '4', '385'),
('451', 'R-G430', '日立(HITACHI)', '17.4', '4', '421'),
('361', 'R-G439', '日立(HITACHI)', '17.9', '3', '414'),
('277', 'R-G450', '日立(HITACHI)', '20.3', '2', '433'),
('452', 'R-G470', '日立(HITACHI)', '18.1', '4', '483'),
('29', 'R-G500GJ', '日立(HITACHI)', '27', '1', '501'),
('12', 'R-G520FJ', '日立(HITACHI)', '26', '1', '517'),
('21', 'R-G520GJ', '日立(HITACHI)', '26', '1', '505'),
('31', 'R-G520HJ', '日立(HITACHI)', '25.9', '1', '511'),
('13', 'R-G570FJ', '日立(HITACHI)', '27', '1', '565'),
('20', 'R-G570GJ', '日立(HITACHI)', '27', '1', '555'),
('30', 'R-G570HJ', '日立(HITACHI)', '27.3', '1', '561'),
('276', 'R-G599', '日立(HITACHI)', '23.6', '2', '570'),
('359', 'R-G616', '日立(HITACHI)', '21.7', '3', '594'),
('9', 'R-G620FJ', '日立(HITACHI)', '30', '1', '620'),
('22', 'R-G620GJ', '日立(HITACHI)', '29.2', '1', '615'),
('32', 'R-G620HJ', '日立(HITACHI)', '29.1', '1', '621'),
('10', 'R-G670FJ', '日立(HITACHI)', '31', '1', '670'),
('33', 'R-G670GJ', '日立(HITACHI)', '28.4', '1', '670'),
('34', 'R-G680GJ', '日立(HITACHI)', '29.5', '1', '676'),
('40', 'R-G680J', '日立(HITACHI)', '28.5', '1', '676'),
('449', 'R-H36WS', '日立(HITACHI)', '12.2', '4', '325'),
('450', 'R-H41WS', '日立(HITACHI)', '15.5', '4', '385'),
('6', 'R-S42EMJ', '日立(HITACHI)', '23', '1', '420'),
('8', 'R-S42EMJL', '日立(HITACHI)', '23', '1', '420'),
('15', 'R-S42FJ', '日立(HITACHI)', '24', '1', '420'),
('18', 'R-S42FJL', '日立(HITACHI)', '24', '1', '420'),
('25', 'R-S42GJ', '日立(HITACHI)', '23', '1', '401'),
('28', 'R-S42GJL', '日立(HITACHI)', '23', '1', '401'),
('37', 'R-S42HJ', '日立(HITACHI)', '22.3', '1', '407'),
('38', 'R-S42HJL', '日立(HITACHI)', '22.3', '1', '407'),
('7', 'R-S49EMJ', '日立(HITACHI)', '28', '1', '477'),
('17', 'R-S49FJ', '日立(HITACHI)', '27', '1', '477'),
('26', 'R-S49GJ', '日立(HITACHI)', '29', '1', '477'),
('35', 'R-S49HJ', '日立(HITACHI)', '27.7', '1', '483'),
('5', 'R-S53EMJ', '日立(HITACHI)', '31', '1', '519'),
('24', 'R-S57GJ', '日立(HITACHI)', '30.5', '1', '557'),
('39', 'R-S57HJ', '日立(HITACHI)', '30.9', '1', '563'),
('4', 'R-S59EMJ', '日立(HITACHI)', '33', '1', '567'),
('14', 'R-S59FJ', '日立(HITACHI)', '32', '1', '567'),
('275', 'R-SF48EMJ', '日立(HITACHI)', '23.5', '2', '475'),
('16', 'R-SF48FJ', '日立(HITACHI)', '24', '1', '475'),
('27', 'R-SF48GJ', '日立(HITACHI)', '24', '1', '475'),
('36', 'R-SF48HJ', '日立(HITACHI)', '24.3', '1', '481'),
('46', 'R-SF52EMJ', '日立(HITACHI)', '26', '1', '517'),
('42', 'R-SF58EMJ', '日立(HITACHI)', '29', '1', '565'),
('41', 'R-SF6200E', '日立(HITACHI)', '30', '1', '620'),
('45', 'R-SF62EMJ', '日立(HITACHI)', '30', '1', '620'),
('23', 'R-SF62J', '日立(HITACHI)', '27.1', '1', '615'),
('44', 'R-SF8800E', '日立(HITACHI)', '31', '1', '670'),
('43', 'R-SF9902E', '日立(HITACHI)', '28.6', '1', '670'),
('444', 'R-V399', '日立(HITACHI)', '17.1', '4', '381'),
('362', 'R-V439', '日立(HITACHI)', '17.9', '3', '414'),
('11', 'R-X670FJ', '日立(HITACHI)', '29.6', '1', '670'),
('19', 'R-X670GJ', '日立(HITACHI)', '28.4', '1', '670'),
('559', 'R0511W', '東元(TECO)', '3.5', '4', '50'),
('171', 'R1001N', '東元(TECO)', '8', '1', '100'),
('170', 'R1001W', '東元(TECO)', '8', '1', '100'),
('556', 'R1061LA', '東元(TECO)', '5.9', '4', '91'),
('557', 'R1061SC', '東元(TECO)', '5.9', '4', '91'),
('177', 'R1071LA', '東元(TECO)', '8.4', '1', '91'),
('158', 'R1071SC', '東元(TECO)', '8.4', '1', '91'),
('323', 'R1072LA', '東元(TECO)', '7.5', '2', '91'),
('314', 'R1072SC', '東元(TECO)', '7.5', '2', '91'),
('157', 'R1091N', '東元(TECO)', '9', '1', '99'),
('156', 'R1091W', '東元(TECO)', '9', '1', '99'),
('313', 'R1092N', '東元(TECO)', '8', '2', '99'),
('315', 'R1092W', '東元(TECO)', '8', '2', '99'),
('416', 'R1303N', '東元(TECO)', '6.5', '3', '125'),
('417', 'R1303W', '東元(TECO)', '6.5', '3', '125'),
('316', 'R1305N', '東元(TECO)', '7.3', '2', '125'),
('317', 'R1305W', '東元(TECO)', '7.3', '2', '125'),
('325', 'R2302N', '東元(TECO)', '11.6', '2', '230'),
('545', 'R2551HS', '東元(TECO)', '10.2', '4', '239'),
('541', 'R3151CS', '東元(TECO)', '11.5', '4', '310'),
('542', 'R4151N', '東元(TECO)', '16.5', '4', '408'),
('546', 'R4762VXS', '東元(TECO)', '18', '4', '477'),
('552', 'R4771VXLH', '東元(TECO)', '18', '4', '477'),
('540', 'R4801DTXW', '東元(TECO)', '18.3', '4', '480'),
('550', 'R4871XLS', '東元(TECO)', '18.3', '4', '480'),
('318', 'R4877XW', '東元(TECO)', '21.7', '2', '480'),
('551', 'R4881XLH', '東元(TECO)', '18.3', '4', '480'),
('547', 'R4891XM', '東元(TECO)', '18.3', '4', '480'),
('172', 'R4892XLH', '東元(TECO)', '23.8', '1', '480'),
('168', 'R4892XLS', '東元(TECO)', '23.8', '1', '480'),
('167', 'R4892XM', '東元(TECO)', '23.8', '1', '480'),
('169', 'R4892XS', '東元(TECO)', '23.8', '1', '480'),
('328', 'R4893XLH', '東元(TECO)', '21.5', '2', '480'),
('324', 'R4893XLS', '東元(TECO)', '21.5', '2', '480'),
('326', 'R4893XM', '東元(TECO)', '21.5', '2', '480'),
('327', 'R4893XS', '東元(TECO)', '21.5', '2', '480'),
('661', 'R5013VS', '東元(TECO)', '16.2', '5', '503'),
('660', 'R5113S', '東元(TECO)', '16.4', '5', '508'),
('558', 'R5161XK', '東元(TECO)', '18.4', '4', '508'),
('548', 'R5171XM', '東元(TECO)', '18.4', '4', '508'),
('543', 'R5551VXLH', '東元(TECO)', '19.3', '4', '543'),
('164', 'R5552VXLH', '東元(TECO)', '25.1', '1', '543'),
('159', 'R5552VXLS', '東元(TECO)', '25.1', '1', '543'),
('160', 'R5552VXM', '東元(TECO)', '25.1', '1', '543'),
('165', 'R5552VXSP', '東元(TECO)', '25.1', '1', '543'),
('329', 'R5553VXLH', '東元(TECO)', '22.8', '2', '543'),
('319', 'R5553VXLS', '東元(TECO)', '22.8', '2', '543'),
('330', 'R5553VXM', '東元(TECO)', '22.8', '2', '543'),
('320', 'R5553VXSP', '東元(TECO)', '22.8', '2', '543'),
('544', 'R5651VXSP', '東元(TECO)', '19.3', '4', '543'),
('161', 'R5652VXLH', '東元(TECO)', '25.1', '1', '543'),
('166', 'R5652VXLS', '東元(TECO)', '25.1', '1', '543'),
('163', 'R5652VXM', '東元(TECO)', '25.1', '1', '543'),
('162', 'R5652VXSP', '東元(TECO)', '25.1', '1', '543'),
('321', 'R5653VXLH', '東元(TECO)', '22.8', '2', '543'),
('331', 'R5653VXLS', '東元(TECO)', '22.8', '2', '543'),
('322', 'R5653VXM', '東元(TECO)', '22.8', '2', '543'),
('332', 'R5653VXSP', '東元(TECO)', '22.8', '2', '543'),
('554', 'R6061VXH', '東元(TECO)', '20.1', '4', '600'),
('553', 'R6061VXK', '東元(TECO)', '20.1', '4', '600'),
('549', 'R6071VXM', '東元(TECO)', '20.1', '4', '600'),
('659', 'R6110K', '東元(TECO)', '16.6', '5', '605'),
('555', 'R6161XH', '東元(TECO)', '20.1', '4', '605'),
('176', 'R6181VXH', '東元(TECO)', '27', '1', '610'),
('174', 'R6181VXHS', '東元(TECO)', '27', '1', '610'),
('175', 'R6181VXK', '東元(TECO)', '27', '1', '610'),
('173', 'R6181VXM', '東元(TECO)', '27', '1', '610'),
('568', 'RC462701TW', '博世(BOSCH)', '16.5', '4', '376'),
('243', 'RFN2386SL', '賽寧(ASKO)', '23.4', '1', '302'),
('240', 'RFN2386SR', '賽寧(ASKO)', '23.4', '1', '302'),
('74', 'RR35H61157F', '三星(SAMSUNG)', '23', '1', '345'),
('310', 'RSRE-0513', '禾聯(HERAN)', '4', '2', '45'),
('303', 'RSRE-0715', '禾聯(HERAN)', '5.7', '2', '67'),
('308', 'RSRE-1013', '禾聯(HERAN)', '7.5', '2', '92'),
('153', 'RSRE-B1012', '禾聯(HERAN)', '8', '1', '100'),
('414', 'RSRE-B1313', '禾聯(HERAN)', '6.7', '3', '127'),
('70', 'RT18M6219S9', '三星(SAMSUNG)', '24.5', '1', '500'),
('72', 'RT18M6219SG', '三星(SAMSUNG)', '24.5', '1', '500'),
('76', 'RT22M4015S8', '三星(SAMSUNG)', '13.3', '1', '237'),
('75', 'RT25M4015S8', '三星(SAMSUNG)', '13.6', '1', '258'),
('280', 'RT32FARACSA', '三星(SAMSUNG)', '14.7', '2', '326'),
('364', 'RT32K5535SL', '三星(SAMSUNG)', '14.1', '3', '323'),
('278', 'RT43H5205SA', '三星(SAMSUNG)', '20.6', '2', '442'),
('366', 'RT43K6235SL', '三星(SAMSUNG)', '18.9', '3', '443'),
('71', 'RT43K6239SL', '三星(SAMSUNG)', '22.7', '1', '443'),
('279', 'RT46H5205SL', '三星(SAMSUNG)', '21.2', '2', '462'),
('365', 'RT46K6235BS', '三星(SAMSUNG)', '18.7', '3', '456'),
('368', 'RT46K6235S8', '三星(SAMSUNG)', '18.7', '3', '456'),
('73', 'RT46K6239BS', '三星(SAMSUNG)', '23', '1', '456'),
('363', 'RT53H6305SL', '三星(SAMSUNG)', '20.5', '3', '537'),
('367', 'RT53K6235BS', '三星(SAMSUNG)', '21.1', '3', '532'),
('662', 'RY492701TW', '博世(BOSCH)', '18.5', '5', '557'),
('665', 'SBNes 3210', '利勃(LIEBHERR)', '10.5', '5', '276'),
('595', 'SCR-A180WR-BL', '勝利牌(VICTOR)', '11.2', '4', '180'),
('592', 'SICN 3314', '利勃(LIEBHERR)', '10.6', '4', '261'),
('593', 'SICN 3356', '利勃(LIEBHERR)', '10.6', '4', '261'),
('590', 'SIKB 3550', '利勃(LIEBHERR)', '14.4', '4', '308'),
('131', 'SJ-GF60BT-R', '夏普(SHARP)', '26.9', '1', '601'),
('130', 'SJ-GF60BT-T', '夏普(SHARP)', '26.9', '1', '601'),
('499', 'SJ-GT50BT-R', '夏普(SHARP)', '19.6', '4', '501'),
('501', 'SJ-GT50BT-T', '夏普(SHARP)', '19.6', '4', '501'),
('134', 'SJ-GX25-SL', '夏普(SHARP)', '13.6', '1', '253'),
('133', 'SJ-GX29-SL', '夏普(SHARP)', '16.4', '1', '287'),
('132', 'SJ-GX32-SL', '夏普(SHARP)', '17.8', '1', '315'),
('400', 'SJ-PD54V-SL', '夏普(SHARP)', '22.7', '3', '541'),
('290', 'SJ-PD58V-BK', '夏普(SHARP)', '24.1', '2', '583'),
('498', 'SJ-XF47BT-T', '夏普(SHARP)', '18', '4', '465'),
('500', 'SJ-XW44BT-N', '夏普(SHARP)', '18.4', '4', '440'),
('666', 'SK 4210', '利勃(LIEBHERR)', '15.6', '5', '391'),
('339', 'SKBes4211', '利勃(LIEBHERR)', '21.4', '2', '364'),
('667', 'SKes 4210', '利勃(LIEBHERR)', '15.6', '5', '391'),
('591', 'SKesf 4240', '利勃(LIEBHERR)', '16.9', '4', '391'),
('348', 'SR-A05', '聲寶(SAMPO)', '4.2', '2', '47'),
('346', 'SR-A07', '聲寶(SAMPO)', '6', '2', '71'),
('347', 'SR-A10', '聲寶(SAMPO)', '7.7', '2', '95'),
('265', 'SR-A10G', '聲寶(SAMPO)', '8', '1', '100'),
('264', 'SR-A11G', '聲寶(SAMPO)', '8', '1', '100'),
('341', 'SR-A14Q', '聲寶(SAMPO)', '8.1', '2', '140'),
('463', 'SR-A250B', '三洋(SANLUX)', '10.5', '4', '250'),
('262', 'SR-A25D', '聲寶(SAMPO)', '13.6', '1', '250'),
('464', 'SR-A310B', '三洋(SANLUX)', '12.1', '4', '310'),
('263', 'SR-A34D', '聲寶(SAMPO)', '16.4', '1', '340'),
('343', 'SR-A46D', '聲寶(SAMPO)', '21.1', '2', '460'),
('258', 'SR-A46D1', '聲寶(SAMPO)', '23.2', '1', '460'),
('345', 'SR-A46DV', '聲寶(SAMPO)', '21', '2', '455'),
('260', 'SR-A46DV1', '聲寶(SAMPO)', '23.2', '1', '455'),
('614', 'SR-A46G', '聲寶(SAMPO)', '16.7', '4', '460'),
('269', 'SR-A46GDV', '聲寶(SAMPO)', '23.2', '1', '455'),
('342', 'SR-A53D', '聲寶(SAMPO)', '22.9', '2', '535'),
('261', 'SR-A53D1', '聲寶(SAMPO)', '25.3', '1', '535'),
('344', 'SR-A53DV', '聲寶(SAMPO)', '22.8', '2', '530'),
('259', 'SR-A53DV1', '聲寶(SAMPO)', '25.1', '1', '530'),
('257', 'SR-A53GDV', '聲寶(SAMPO)', '25.1', '1', '530'),
('268', 'SR-A56GDD', '聲寶(SAMPO)', '25.6', '1', '560'),
('465', 'SR-A580B', '三洋(SANLUX)', '19.1', '4', '580'),
('267', 'SR-A58D', '聲寶(SAMPO)', '26.2', '1', '580'),
('266', 'SR-A58DV', '聲寶(SAMPO)', '26.2', '1', '580'),
('613', 'SR-A58G', '聲寶(SAMPO)', '18.9', '4', '580'),
('612', 'SR-A58GV', '聲寶(SAMPO)', '18.9', '4', '580'),
('460', 'SR-B123B', '三洋(SANLUX)', '6.3', '4', '123'),
('281', 'SR-B123B3', '三洋(SANLUX)', '7.5', '2', '123'),
('458', 'SR-B192B', '三洋(SANLUX)', '8.7', '4', '192'),
('82', 'SR-B192B3', '三洋(SANLUX)', '11.7', '1', '192'),
('457', 'SR-B250B', '三洋(SANLUX)', '10.1', '4', '250'),
('81', 'SR-B250B3', '三洋(SANLUX)', '13.3', '1', '250'),
('340', 'SR-B25G', '聲寶(SAMPO)', '12.1', '2', '250'),
('369', 'SR-B310BV', '三洋(SANLUX)', '13.4', '3', '310'),
('638', 'SR-B380B', '三洋(SANLUX)', '14.8', '5', '380'),
('462', 'SR-B380CVF', '三洋(SANLUX)', '15.7', '4', '380'),
('453', 'SR-B45A5', '三洋(SANLUX)', '3.2', '4', '45'),
('466', 'SR-B475CV', '三洋(SANLUX)', '17.9', '4', '475'),
('285', 'SR-B47A5', '三洋(SANLUX)', '4.3', '2', '47'),
('637', 'SR-B480B', '三洋(SANLUX)', '17', '5', '480'),
('461', 'SR-B480BV', '三洋(SANLUX)', '18.1', '4', '480'),
('468', 'SR-B528CV', '三洋(SANLUX)', '19.2', '4', '528'),
('455', 'SR-B528CVG', '三洋(SANLUX)', '19.2', '4', '528'),
('470', 'SR-B533BV', '三洋(SANLUX)', '19.3', '4', '533'),
('467', 'SR-B551DVF', '三洋(SANLUX)', '19.3', '4', '551'),
('456', 'SR-B560DVG', '三洋(SANLUX)', '19.9', '4', '560'),
('469', 'SR-B580BV', '三洋(SANLUX)', '20.2', '4', '580'),
('471', 'SR-B580CV', '三洋(SANLUX)', '20.2', '4', '580'),
('459', 'SR-B580CVG', '三洋(SANLUX)', '20.2', '4', '580'),
('454', 'SR-B93A5', '三洋(SANLUX)', '6.2', '4', '93'),
('286', 'SR-B97A5', '三洋(SANLUX)', '8.1', '2', '97'),
('80', 'SR-C310B1', '三洋(SANLUX)', '15.7', '1', '310'),
('84', 'SR-C380BV1', '三洋(SANLUX)', '20.8', '1', '380'),
('87', 'SR-C475CV1', '三洋(SANLUX)', '23.9', '1', '475'),
('85', 'SR-C475CVG', '三洋(SANLUX)', '23.9', '1', '475'),
('283', 'SR-C480BV', '三洋(SANLUX)', '23.2', '2', '480'),
('88', 'SR-C480BV1', '三洋(SANLUX)', '23.9', '1', '480'),
('92', 'SR-C480BVG', '三洋(SANLUX)', '23.9', '1', '480'),
('287', 'SR-C528CV', '三洋(SANLUX)', '23.5', '2', '528'),
('89', 'SR-C528CV1', '三洋(SANLUX)', '25.3', '1', '528'),
('93', 'SR-C528CVG', '三洋(SANLUX)', '25.3', '1', '528'),
('86', 'SR-C533BV', '三洋(SANLUX)', '25.5', '1', '533'),
('90', 'SR-C533BV1', '三洋(SANLUX)', '25.5', '1', '533'),
('83', 'SR-C533BVG', '三洋(SANLUX)', '25.5', '1', '533'),
('91', 'SR-C560DVG', '三洋(SANLUX)', '26', '1', '560'),
('282', 'SR-C580BV', '三洋(SANLUX)', '25.2', '2', '580'),
('78', 'SR-C580BV1', '三洋(SANLUX)', '26.4', '1', '580'),
('284', 'SR-C580CV', '三洋(SANLUX)', '24.4', '2', '580'),
('77', 'SR-C580CV1', '三洋(SANLUX)', '26.4', '1', '580'),
('79', 'SR-C580CVG', '三洋(SANLUX)', '26.4', '1', '580'),
('618', 'SR-L14Q', '聲寶(SAMPO)', '6.8', '4', '140'),
('617', 'SR-L25G', '聲寶(SAMPO)', '10.3', '4', '250'),
('619', 'SR-L34G', '聲寶(SAMPO)', '12.3', '4', '340'),
('615', 'SR-LW56DD', '聲寶(SAMPO)', '19.4', '4', '560'),
('616', 'SR-LW56DV', '聲寶(SAMPO)', '19.4', '4', '560'),
('671', 'SR-M46G', '聲寶(SAMPO)', '16.5', '5', '455'),
('672', 'SR-M58G', '聲寶(SAMPO)', '18.7', '5', '580'),
('673', 'SR-M58GV', '聲寶(SAMPO)', '18.7', '5', '580'),
('626', 'SR-N05', '聲寶(SAMPO)', '3.6', '4', '47'),
('629', 'SR-N07', '聲寶(SAMPO)', '4.7', '4', '71'),
('620', 'SR-N10', '聲寶(SAMPO)', '6.1', '4', '95'),
('621', 'SR-N41D', '聲寶(SAMPO)', '16.7', '4', '410'),
('622', 'SR-N46D', '聲寶(SAMPO)', '17.5', '4', '460'),
('623', 'SR-N46DV', '聲寶(SAMPO)', '17.5', '4', '455'),
('631', 'SR-N53D', '聲寶(SAMPO)', '19.1', '4', '535'),
('632', 'SR-N53DV', '聲寶(SAMPO)', '19', '4', '530'),
('627', 'SR-N53G', '聲寶(SAMPO)', '19.1', '4', '535'),
('630', 'SR-N58D', '聲寶(SAMPO)', '19.8', '4', '580'),
('628', 'SR-N58DV', '聲寶(SAMPO)', '19.8', '4', '580'),
('624', 'SR-NW56DD', '聲寶(SAMPO)', '19.4', '4', '560'),
('625', 'SR-NW56PI', '聲寶(SAMPO)', '19.4', '4', '560'),
('633', 'SR-P10G', '聲寶(SAMPO)', '6.1', '4', '100'),
('636', 'SR-P11G', '聲寶(SAMPO)', '6.1', '4', '100'),
('634', 'SR-P46GDV', '聲寶(SAMPO)', '17.5', '4', '455'),
('635', 'SR-P53GDV', '聲寶(SAMPO)', '19', '4', '530'),
('663', 'SWTNes3010', '利勃(LIEBHERR)', '10.2', '5', '247'),
('351', 'TR-100HN', '大同(TATUNG)', '7.1', '3', '100'),
('355', 'TR-100HNW', '大同(TATUNG)', '7.1', '3', '100'),
('435', 'TR-100HT', '大同(TATUNG)', '6.3', '4', '100'),
('441', 'TR-100HTW', '大同(TATUNG)', '6.3', '4', '100'),
('350', 'TR-101GT', '大同(TATUNG)', '7.2', '3', '101'),
('353', 'TR-101GTW', '大同(TATUNG)', '7.2', '3', '101'),
('272', 'TR-108M', '大同(TATUNG)', '8.6', '2', '108'),
('439', 'TR-150HT', '大同(TATUNG)', '9.2', '4', '150'),
('432', 'TR-150HTW', '大同(TATUNG)', '9.2', '4', '150'),
('427', 'TR-380HRL', '大同(TATUNG)', '16.2', '4', '380'),
('433', 'TR-380HRLW', '大同(TATUNG)', '16.2', '4', '380'),
('352', 'TR-46HN', '大同(TATUNG)', '3.7', '3', '46'),
('356', 'TR-46HNW', '大同(TATUNG)', '3.7', '3', '46'),
('440', 'TR-92HT', '大同(TATUNG)', '5.9', '4', '92'),
('271', 'TR-B140S', '大同(TATUNG)', '8.1', '2', '140'),
('436', 'TR-B175HT', '大同(TATUNG)', '8', '4', '175'),
('429', 'TR-B175HTW', '大同(TATUNG)', '8', '4', '175'),
('443', 'TR-B240S', '大同(TATUNG)', '6.8', '4', '140'),
('273', 'TR-B250VI', '大同(TATUNG)', '12.5', '2', '249'),
('438', 'TR-B263HT', '大同(TATUNG)', '10.4', '4', '263'),
('430', 'TR-B263HTW', '大同(TATUNG)', '10.4', '4', '263'),
('274', 'TR-B310VI', '大同(TATUNG)', '15', '2', '310'),
('437', 'TR-B334HT', '大同(TATUNG)', '12.3', '4', '334'),
('428', 'TR-B334HTW', '大同(TATUNG)', '12.3', '4', '334'),
('349', 'TR-B420VH', '大同(TATUNG)', '17.8', '3', '420'),
('354', 'TR-B420VHW', '大同(TATUNG)', '17.8', '3', '420'),
('2', 'TR-B480VD', '大同(TATUNG)', '24.3', '1', '480'),
('1', 'TR-B530VD', '大同(TATUNG)', '27.3', '1', '530'),
('357', 'TR-B580VD', '大同(TATUNG)', '21.5', '3', '480'),
('358', 'TR-B630VD', '大同(TATUNG)', '21.8', '3', '530'),
('270', 'TR-C530VP', '大同(TATUNG)', '22.8', '2', '530'),
('442', 'TR-C575V', '大同(TATUNG)', '17.9', '4', '475'),
('3', 'TR-C580VP', '大同(TATUNG)', '26.2', '1', '580'),
('434', 'TR-C630VP', '大同(TATUNG)', '19', '4', '530'),
('426', 'TR-S540VH', '大同(TATUNG)', '18.7', '4', '540'),
('431', 'TR-S540VHW', '大同(TATUNG)', '18.7', '4', '540'),
('250', 'UR-P38VC1', '奇美(CHIMEI)', '20.6', '1', '385'),
('251', 'UR-P48GB1', '奇美(CHIMEI)', '23.7', '1', '485'),
('586', 'UR-P48VB1', '奇美(CHIMEI)', '18', '4', '485'),
('253', 'UR-P48VB8', '奇美(CHIMEI)', '23.7', '1', '485'),
('585', 'UR-P56VC1', '奇美(CHIMEI)', '19.3', '4', '560'),
('587', 'UR-P56VE1', '奇美(CHIMEI)', '19.7', '4', '560'),
('588', 'UR-P58VB1', '奇美(CHIMEI)', '19.7', '4', '579'),
('254', 'UR-P58VB8', '奇美(CHIMEI)', '25.9', '1', '579'),
('252', 'UR-P61VC1', '奇美(CHIMEI)', '26.9', '1', '610'),
('506', 'WDT218G', '惠而浦(WHIRLPOOL)', '17.9', '4', '513'),
('505', 'WDT2525LW', '惠而浦(WHIRLPOOL)', '19.1', '4', '521'),
('502', 'WHS21G', '惠而浦(WHIRLPOOL)', '20.8', '4', '600'),
('507', 'WHS600LW', '惠而浦(WHIRLPOOL)', '20.8', '4', '600'),
('138', 'WIT2283G', '惠而浦(WHIRLPOOL)', '14.5', '1', '263'),
('137', 'WIT2355G', '惠而浦(WHIRLPOOL)', '17.5', '1', '335'),
('136', 'WIT2515G', '惠而浦(WHIRLPOOL)', '24', '1', '495'),
('135', 'WIT2590G', '惠而浦(WHIRLPOOL)', '26', '1', '570'),
('401', 'WMT193DG', '惠而浦(WHIRLPOOL)', '7.2', '3', '93'),
('402', 'WMT193DW', '惠而浦(WHIRLPOOL)', '7.2', '3', '93'),
('291', 'WMT2130G1', '惠而浦(WHIRLPOOL)', '7.8', '2', '130'),
('292', 'WMT2130W1', '惠而浦(WHIRLPOOL)', '7.8', '2', '130'),
('503', 'WRF560SMYM', '惠而浦(WHIRLPOOL)', '18.7', '4', '554'),
('504', 'WRF560SMYW', '惠而浦(WHIRLPOOL)', '18.7', '4', '554'),
('643', 'WRS322FNAH', '惠而浦(WHIRLPOOL)', '19.1', '5', '640'),
('644', 'WRS322FNAM', '惠而浦(WHIRLPOOL)', '19.1', '5', '640'),
('645', 'WRS322FNAW', '惠而浦(WHIRLPOOL)', '19.1', '5', '640'),
('293', 'WRT148FZDM', '惠而浦(WHIRLPOOL)', '23.2', '2', '533'),
('294', 'WRT148FZDW', '惠而浦(WHIRLPOOL)', '23.2', '2', '533'),
('296', 'WRT541SZDM', '惠而浦(WHIRLPOOL)', '25.4', '2', '622'),
('295', 'WRT541SZDW', '惠而浦(WHIRLPOOL)', '25.4', '2', '622');

-- --------------------------------------------------------

--
-- 資料表結構 `電鍋`
--

CREATE TABLE `電鍋` (
  `產品型號` varchar(11) NOT NULL,
  `商標名稱` varchar(10) DEFAULT NULL,
  `能源效率` varchar(3) DEFAULT NULL,
  `耗電量` int(3) DEFAULT NULL,
  `能源等級` int(1) DEFAULT NULL
) ENGINE=InnoDB DEFAULT CHARSET=utf8;

--
-- 資料表的匯出資料 `電鍋`
--

INSERT INTO `電鍋` (`產品型號`, `商標名稱`, `能源效率`, `耗電量`, `能源等級`) VALUES
('CH-15F', '上裕', '92%', 281, 1),
('CH-15S', '上裕', '84%', 307, 3),
('ER-0600', '鍋寶', '83%', 224, 3),
('ER-1026', '鍋寶', '82%', 227, 3),
('ER-1100', '鍋寶', '82%', 227, 3),
('HY-510S', '皇瑩', '82%', 227, 3),
('JRC699', '捷寶', '83%', 224, 3),
('KH-G1411SL', '聲寶(SAMPO)', '82%', 227, 2),
('RK-1026', '上豪(SUNHOW)', '82%', 245, 3),
('SCQH-011', '禾聯(HERAN)', '84%', 222, 3),
('SCQH-211', '禾聯(HERAN)', '84%', 222, 3),
('SCQH-411', '禾聯(HERAN)', '84%', 222, 3),
('SCZS-006', '禾聯(HERAN)', '83%', 207, 3),
('SCZS-011', '禾聯(HERAN)', '84%', 205, 3),
('SCZS-015', '禾聯(HERAN)', '82%', 280, 3),
('SCZS-106', '禾聯(HERAN)', '83%', 207, 3),
('SCZS-111', '禾聯(HERAN)', '84%', 205, 3),
('SCZS-115', '禾聯(HERAN)', '82%', 280, 3),
('SE-1024F', '上裕', '82%', 227, 3),
('SE-1024S', '上裕', '82%', 227, 3),
('SH-A1102', '歌林(KOLIN)', '82%', 227, 3),
('SSC-15KD', '尚朋堂', '84%', 307, 3),
('TCY-3215', '大家源', '84%', 307, 3),
('TCY-327', '大家源', '82%', 227, 3),
('TR-1878', '小太陽', '82%', 227, 3),
('TSI-8206VO', 'EUPA', '83%', 207, 3),
('TSI-8211SS', 'EUPA', '84%', 205, 3),
('TSI-8215GS', 'EUPA', '82%', 280, 3),
('UM-RST30410', '優美', '86%', 200, 2),
('UT-9010S', '優田(ULTEC)', '86%', 200, 2),
('UT-9015S', '優田(ULTEC)', '88%', 261, 2),
('XYFYC30406', '東元(TECO)', '83%', 207, 3),
('XYFYC30411', '東元(TECO)', '84%', 205, 3),
('XYFYC30415', '東元(TECO)', '82%', 280, 3),
('YR-11S', '佳工坊', '82%', 227, 3),
('YS-101S', '永新', '82%', 227, 3),
('YS-105S', '永新', '84%', 307, 3),
('ZOR-0650S', '日象', '83%', 207, 3),
('ZOR-1050S', '日象', '86%', 200, 2),
('ZOR-1055S', '日象', '86%', 200, 2),
('ZOR-1056S', '日象', '86%', 200, 2),
('ZOR-1057S', '日象', '86%', 200, 2),
('ZOR-1058S', '日象', '86%', 200, 2),
('ZOR-1059S', '日象', '86%', 200, 2),
('ZOR-1090S', '日象', '86%', 200, 2),
('ZOR-10PR', '日象', '89%', 193, 2),
('ZOR-10PW', '日象', '89%', 193, 2),
('ZOR-10QR', '日象', '90%', 191, 1),
('ZOR-10QW', '日象', '90%', 191, 1),
('ZOR-10ST', '日象', '82%', 210, 3),
('ZOR-11ST', '日象', '86%', 200, 2),
('ZOR-12ST', '日象', '86%', 200, 2),
('ZOR-13ST', '日象', '86%', 200, 2),
('ZOR-1550S', '日象', '88%', 261, 2),
('ZOR-1550SA', '日象', '82%', 280, 2),
('ZOR-1555S', '日象', '88%', 261, 2),
('ZOR-1556S', '日象', '88%', 261, 2),
('ZOR-1557S', '日象', '88%', 261, 2),
('ZOR-1558S', '日象', '88%', 261, 2),
('ZOR-1559S', '日象', '88%', 261, 2),
('ZOR-1590S', '日象', '88%', 261, 2),
('ZOR-15ST', '日象', '82%', 280, 3),
('ZOR-18PR', '日象', '90%', 191, 1),
('ZOR-18PW', '日象', '90%', 191, 1),
('ZOR-18QS', '日象', '91%', 284, 1),
('ZOR-27VW', '日象', '85%', 304, 2),
('ZOR-32VW', '日象', '91%', 284, 1),
('ZOR-51ST', '日象', '88%', 261, 2),
('ZOR-52ST', '日象', '88%', 261, 2),
('ZOR-53ST', '日象', '88%', 261, 2),
('ZOR-6QR', '日象', '89%', 193, 2),
('ZOR-6QW', '日象', '89%', 193, 2),
('ZOR-8061R', '日象', '89%', 193, 2),
('ZOR-8061W', '日象', '89%', 193, 2),
('ZOR-8101R', '日象', '90%', 191, 1),
('ZOR-8101W', '日象', '90%', 191, 1),
('ZOR-8151VW', '日象', '85%', 304, 2),
('ZOR-8155', '日象', '85%', 304, 2),
('ZOR-8181VW', '日象', '91%', 284, 1),
('ZOR-8811S', '日象', '86%', 200, 2),
('ZOR-8812S', '日象', '86%', 200, 2),
('ZOR-8813S', '日象', '86%', 200, 2),
('ZOR-8816S', '日象', '86%', 200, 2),
('ZOR-8850S', '日象', '88%', 261, 2),
('ZOR-8851S', '日象', '88%', 261, 2),
('ZOR-8852S', '日象', '88%', 261, 2),
('ZOR-8853S', '日象', '88%', 261, 2);

-- --------------------------------------------------------

--
-- 資料表結構 `電鍋等級`
--

CREATE TABLE `電鍋等級` (
  `產品型號` varchar(11) NOT NULL,
  `能源效率` varchar(13) DEFAULT NULL,
  `能源等級` varchar(6) DEFAULT NULL
) ENGINE=InnoDB DEFAULT CHARSET=utf8;

--
-- 資料表的匯出資料 `電鍋等級`
--

INSERT INTO `電鍋等級` (`產品型號`, `能源效率`, `能源等級`) VALUES
('CH-15F', '92%', '1'),
('CH-15S', '84 %', '3'),
('ER-0600', '83%', '3'),
('ER-1026', '82%', '3'),
('ER-1100', '82%', '3'),
('HY-510S', '82%', '3'),
('JRC699', '83%', '3'),
('KH-G1411SL', '86%', '2'),
('RK-1026', '82%', '3'),
('SCQH-011', '84%', '3'),
('SCQH-211', '84%', '3'),
('SCQH-411', '84%', '3'),
('SCZS-006', '83%', '3'),
('SCZS-011', '84%', '3'),
('SCZS-015', '82%', '3'),
('SCZS-106', '83%', '3'),
('SCZS-111', '84%', '3'),
('SCZS-115', '82%', '3'),
('SE-1024F', '82%', '3'),
('SE-1024S', '82%', '3'),
('SH-A1102', '82%', '3'),
('SSC-15KD', '84%', '3'),
('TCY-3215', '84%', '3'),
('TCY-327', '82%', '3'),
('TR-1878', '82%', '3'),
('TSI-8206VO', '83%', '3'),
('TSI-8211SS', '84%', '3'),
('TSI-8215GS', '82%', '3'),
('UM-RST30410', '86%', '2'),
('UT-9010S', '86%', '2'),
('UT-9015S', '88%', '2'),
('XYFYC30406', '83%', '3'),
('XYFYC30411', '84%', '3'),
('XYFYC30415', '82%', '3'),
('YR-11S', '82%', '3'),
('YS-101S', '82%', '3'),
('YS-105S', '84%', '3'),
('YS-5012RC', '82%', '3'),
('YS-577RC', '88%', '2'),
('YS-581RC', '88%', '2'),
('ZOR-0650S', '83%', '3'),
('ZOR-1050S', '86%', '2'),
('ZOR-1055S', '86%', '2'),
('ZOR-1056S', '86%', '2'),
('ZOR-1057S', '86%', '2'),
('ZOR-1058S', '86%', '2'),
('ZOR-1059S', '86%', '2'),
('ZOR-1090S', '86%', '2'),
('ZOR-10PR', '89%', '2'),
('ZOR-10PW', '89%', '2'),
('ZOR-10QR', '90%', '1'),
('ZOR-10QW', '90%', '1'),
('ZOR-10ST', '82%', '3'),
('ZOR-11ST', '86%', '2'),
('ZOR-12ST', '86%', '2'),
('ZOR-13ST', '86%', '2'),
('ZOR-1550S', '88%', '2'),
('ZOR-1550SA', '82%', '2'),
('ZOR-1555S', '88%', '2'),
('ZOR-1556S', '88%', '2'),
('ZOR-1557S', '88%', '2'),
('ZOR-1558S', '88%', '2'),
('ZOR-1559S', '88%', '2'),
('ZOR-1590S', '88%', '2'),
('ZOR-15ST', '82%', '3'),
('ZOR-18PR', '90%', '1'),
('ZOR-18PW', '90%', '1'),
('ZOR-18QS', '91%', '1'),
('ZOR-27VW', '85%', '2'),
('ZOR-32VW', '91%', '1'),
('ZOR-51ST', '88%', '2'),
('ZOR-52ST', '88%', '2'),
('ZOR-53ST', '88%', '2'),
('ZOR-6QR', '89%', '2'),
('ZOR-6QW', '89%', '2'),
('ZOR-8061R', '89%', '2'),
('ZOR-8061W', '89%', '2'),
('ZOR-8101R', '90%', '1'),
('ZOR-8101W', '90%', '1'),
('ZOR-8151VW', '85%', '2'),
('ZOR-8155', '85%', '2'),
('ZOR-8181VW', '91%', '1'),
('ZOR-8811S', '86%', '2'),
('ZOR-8812S', '86%', '2'),
('ZOR-8813S', '86%', '2'),
('ZOR-8816S', '86%', '2'),
('ZOR-8850S', '88%', '2'),
('ZOR-8851S', '88%', '2'),
('ZOR-8852S', '88%', '2'),
('ZOR-8853S', '88%', '2');

--
-- 已匯出資料表的索引
--

--
-- 資料表索引 `area_rainfall`
--
ALTER TABLE `area_rainfall`
  ADD PRIMARY KEY (`地區`);

--
-- 資料表索引 `dehumidifier`
--
ALTER TABLE `dehumidifier`
  ADD PRIMARY KEY (`產品型號`),
  ADD KEY `商標名稱` (`商標名稱`);

--
-- 資料表索引 `records`
--
ALTER TABLE `records`
  ADD PRIMARY KEY (`user_id`,`roomtype`);

--
-- 資料表索引 `tv`
--
ALTER TABLE `tv`
  ADD PRIMARY KEY (`產品型號`),
  ADD KEY `商標名稱` (`商標名稱`);

--
-- 資料表索引 `user_idpw`
--
ALTER TABLE `user_idpw`
  ADD PRIMARY KEY (`user_id`);

--
-- 資料表索引 `user_info`
--
ALTER TABLE `user_info`
  ADD PRIMARY KEY (`user_id`,`month`);

--
-- 資料表索引 `washer`
--
ALTER TABLE `washer`
  ADD PRIMARY KEY (`商品型號`),
  ADD KEY `商標名稱` (`商標名稱`);

--
-- 資料表索引 `冷氣`
--
ALTER TABLE `冷氣`
  ADD PRIMARY KEY (`產品型號`),
  ADD KEY `商標名稱` (`商標名稱`);

--
-- 資料表索引 `商標`
--
ALTER TABLE `商標`
  ADD PRIMARY KEY (`商標名稱`);

--
-- 資料表索引 `新冰箱`
--
ALTER TABLE `新冰箱`
  ADD PRIMARY KEY (`產品型號`),
  ADD KEY `商標名稱` (`商標名稱`);

--
-- 資料表索引 `電鍋`
--
ALTER TABLE `電鍋`
  ADD PRIMARY KEY (`產品型號`),
  ADD KEY `商標名稱` (`商標名稱`);

--
-- 資料表索引 `電鍋等級`
--
ALTER TABLE `電鍋等級`
  ADD PRIMARY KEY (`產品型號`);

--
-- 已匯出資料表的限制(Constraint)
--

--
-- 資料表的 Constraints `dehumidifier`
--
ALTER TABLE `dehumidifier`
  ADD CONSTRAINT `dehumidifier_ibfk_1` FOREIGN KEY (`商標名稱`) REFERENCES `商標` (`商標名稱`) ON DELETE CASCADE ON UPDATE CASCADE;

--
-- 資料表的 Constraints `records`
--
ALTER TABLE `records`
  ADD CONSTRAINT `records_ibfk_1` FOREIGN KEY (`user_id`) REFERENCES `user_idpw` (`user_id`) ON DELETE CASCADE ON UPDATE CASCADE;

--
-- 資料表的 Constraints `tv`
--
ALTER TABLE `tv`
  ADD CONSTRAINT `tv_ibfk_1` FOREIGN KEY (`商標名稱`) REFERENCES `商標` (`商標名稱`) ON DELETE CASCADE ON UPDATE CASCADE;

--
-- 資料表的 Constraints `user_info`
--
ALTER TABLE `user_info`
  ADD CONSTRAINT `user_info_ibfk_1` FOREIGN KEY (`user_id`) REFERENCES `user_idpw` (`user_id`) ON DELETE CASCADE ON UPDATE CASCADE;

--
-- 資料表的 Constraints `washer`
--
ALTER TABLE `washer`
  ADD CONSTRAINT `washer_ibfk_1` FOREIGN KEY (`商標名稱`) REFERENCES `商標` (`商標名稱`) ON DELETE CASCADE ON UPDATE CASCADE;

--
-- 資料表的 Constraints `冷氣`
--
ALTER TABLE `冷氣`
  ADD CONSTRAINT `冷氣_ibfk_1` FOREIGN KEY (`商標名稱`) REFERENCES `商標` (`商標名稱`) ON DELETE CASCADE ON UPDATE CASCADE;

--
-- 資料表的 Constraints `新冰箱`
--
ALTER TABLE `新冰箱`
  ADD CONSTRAINT `新冰箱_ibfk_1` FOREIGN KEY (`商標名稱`) REFERENCES `商標` (`商標名稱`) ON DELETE CASCADE ON UPDATE CASCADE;

--
-- 資料表的 Constraints `電鍋`
--
ALTER TABLE `電鍋`
  ADD CONSTRAINT `電鍋_ibfk_1` FOREIGN KEY (`商標名稱`) REFERENCES `商標` (`商標名稱`) ON DELETE CASCADE ON UPDATE CASCADE;
COMMIT;

/*!40101 SET CHARACTER_SET_CLIENT=@OLD_CHARACTER_SET_CLIENT */;
/*!40101 SET CHARACTER_SET_RESULTS=@OLD_CHARACTER_SET_RESULTS */;
/*!40101 SET COLLATION_CONNECTION=@OLD_COLLATION_CONNECTION */;
